Switch Name,VLAN,Customer Name,Access Port,IP Location,IP address,Trafic Route
BTTB_MOG_S8512_H01,2,description BTCL-2FL-PC2,10/1/2002,BTTB_IPCORE_NE80E_A,203.112.192.193,
BTTB_MOG_S8512_H01,8,***G_sultan_mgnt_Srimangol***,,,,
BTTB_MOG_S8512_H01,11,BTCL Satellite Backup Service,,,,
BTTB_MOG_S8512_H01,24,dotBangla_Primary_DNS,1/24/2000,,,
BTTB_MOG_S8512_H01,25,Police_Camera_mgnt,,,,
BTTB_MOG_S8512_H01,90,Gpon_LLI_Test,,BTTB_IPCORE_NE80E_A,123.49.1.249,
BTTB_MOG_S8512_H01,98,test,,,,
BTTB_MOG_S8512_H01,101,DPI-Test,,,,
BTTB_MOG_S8512_H01,103,BTCL-DPI-TEST,,,,
BTTB_MOG_S8512_H01,104,Minister-MoPME,1/18/2000,,,
BTTB_MOG_S8512_H01,106,Asia_Pacific_Communication_Ltd,,,,
BTTB_MOG_S8512_H01,107,GENUITY SYSTEM LIMITED,,,,
BTTB_MOG_S8512_H01,108,Police_Telecom_Rajarbag,5/1/2006,BTTB_IPCORE_NE80E_A,123.49.53.169,
BTTB_MOG_S8512_H01,109,WAQF_Authority,1/11/2000,BTTB_IPCORE_NE80E_A,123.49.52.205,12712 has same vlan.
BTTB_MOG_S8512_H01,110,Tiger-IT-Mog,1/10/2000,BTTB_IPCORE_NE80E_A,123.49.0.9,
BTTB_MOG_S8512_H01,113,BTCL_AO_HQ,1/13/2000,BTTB_IPCORE_NE80E_A,123.49.51.185,
BTTB_MOG_S8512_H01,114,BTCL_Call_Center,1/5/2000,BTTB_IPCORE_NE80E_B,123.49.0.105,
BTTB_MOG_S8512_H01,115,ZERO-Communication,,BTTB_IPCORE_NE80E_A,123.49.0.129,
BTTB_MOG_S8512_H01,116,*HN_Telecom*,1/16/2000,BTTB_IPCORE_NE80E_B,123.49.60.97,
BTTB_MOG_S8512_H01,118,ICT Incubator,,,,
BTTB_MOG_S8512_H01,120,Aamra Network,,BTTB_IPCORE_NE80E_A,,
BTTB_MOG_S8512_H01,121,min_mossarraf,5/1/2001,BTTB_IPCORE_NE80E_A,123.49.53.129,
BTTB_MOG_S8512_H01,122,BTV_3G_link,"0/1/22, 9/1/19",BTTB_IPCORE_NE80E_A,123.49.2.97,
BTTB_MOG_S8512_H01,124,dotBangla_Secondary_DNS,1/1/2024,BTTB_IPCORE_NE80E_B,180.211.212.209,
BTTB_MOG_S8512_H01,125,"""Metronet Ltd",1/1/2001,BTTB_IPCORE_NE80E_A,123.49.0.233,
BTTB_MOG_S8512_H01,126,RPATC_Dhaka,1/1/2002,BTTB_IPCORE_NE80E_A,123.49.53.109,
BTTB_MOG_S8512_H01,127,Bangla Trac Ltd,1/1/2003,BTTB_IPCORE_NE80E_A,123.49.4.177,
BTTB_MOG_S8512_H01,128,Link3_Technologies,,,"123.49.0.185,123.49.0.188",
BTTB_MOG_S8512_H01,129,Xenial Broadband,,,,
BTTB_MOG_S8512_H01,130,Gazi Communications Ltd,38718,BTTB_IPCORE_NE80E_A,123.49.4.113,
BTTB_MOG_S8512_H01,131,Warid Telecom Ltd,3/1/2022,BTTB_IPCORE_NE80E_A,123.49.4.193,
BTTB_MOG_S8512_H01,132,Padma_Oil_IEB,4/1/2010,BTTB_IPCORE_NE80E_A,123.49.49.69,
BTTB_MOG_S8512_H01,133,Orascom Telecom Services Ltd,"1/1/5 , 1/1/9",BTTB_IPCORE_NE80E_B,"123.49.4.201 , 123.49.4.205",
BTTB_MOG_S8512_H01,135,Res_Dudak_chairman,"4/1/20 , 5/1/16",,,
BTTB_MOG_S8512_H01,136,Miniter_Eafes,1/1/2013,,,
BTTB_MOG_S8512_H01,137,Rafin Satellite,,BTTB_IPCORE_NE80E_B,123.49.4.209,
BTTB_MOG_S8512_H01,138,Ranks Telecom,,BTTB_IPCORE_NE80E_A,123.49.4.217,
BTTB_MOG_S8512_H01,139,3G Solution,,BTTB_IPCORE_NE80E_B,123.49.50.33,
BTTB_MOG_S8512_H01,140,GPO_Kamlapur,1/21/2000,BTTB_IPCORE_NE80E_A,123.49.53.217,
BTTB_MOG_S8512_H01,141,BTRC,1/1/2017,BTTB_IPCORE_NE80E_A,123.49.4.241,
BTTB_MOG_S8512_H01,142,Minister_Rashed_Khan_Menon,3/1/2021,BTTB_IPCORE_NE80E_A,123.49.49.73,
BTTB_MOG_S8512_H01,143,Global Technologies Ltd,GigabitEthernet1/1/19,BTTB_IPCORE_NE80E_A,123.49.4.17,
BTTB_MOG_S8512_H01,145,IS Pros Ltd,GigabitEthernet1/1/21,,,
BTTB_MOG_S8512_H01,147,Min_Probashi_Kalyan,GigabitEthernet1/1/23,,,
BTTB_MOG_S8512_H01,148,DhakaCom,,,,
BTTB_MOG_S8512_H01,149,Bright_tech,GigabitEthernet0/1/20,,,
BTTB_MOG_S8512_H01,151,Dhaka Broadband Network,GigabitEthernet2/1/3,,,
BTTB_MOG_S8512_H01,152,ISN,"GigabitEthernet1/1/4,2/1/4",,,
BTTB_MOG_S8512_H01,153,IP Vision,,,,
BTTB_MOG_S8512_H01,155,SICT,,,,
BTTB_MOG_S8512_H01,158,DataNet,,,,
BTTB_MOG_S8512_H01,159,Teletalk_Ramna,,,,
BTTB_MOG_S8512_H01,160,Min_Fishries_Residence,Ethernet5/1/2,,,
BTTB_MOG_S8512_H01,162,Image Net,,,,
BTTB_MOG_S8512_H01,164,Broad-Band-Telcom-Services,GigabitEthernet2/1/16,,,
BTTB_MOG_S8512_H01,165,BTCL HQ,"GigabitEthernet0/1/4,2/1/17,2/1/18",,,
BTTB_MOG_S8512_H01,166,Millennium Computers,,,,
BTTB_MOG_S8512_H01,168,INET Information Systems Ltd,,,,
BTTB_MOG_S8512_H01,169,*BTV,GigabitEthernet2/1/21,,,
BTTB_MOG_S8512_H01,171,Ascent Corporation,,,,
BTTB_MOG_S8512_H01,172,AIRTEL-BD,,BTTB_IPCORE_NE80E_A,123.49.4.197,
BTTB_MOG_S8512_H01,174,"""Pritty International",,,,
BTTB_MOG_S8512_H01,175,"RHD""",,,,
BTTB_MOG_S8512_H01,176,*Directorate_Print,GigabitEthernet3/1/1,BTTB_IPCORE_NE80E_A,123.49.52.169,
BTTB_MOG_S8512_H01,177,BTS_Communication_Pri,,,,
BTTB_MOG_S8512_H01,181,"""Smart Systems",,,,
BTTB_MOG_S8512_H01,183,Radisson Technologies,GigabitEthernet3/1/11,BTTB_IPCORE_NE80E_A,123.49.51.145,
BTTB_MOG_S8512_H01,184,Dep_film_Archive,Ethernet5/1/14,BTTB_IPCORE_NE80E_A,123.49.53.149,
BTTB_MOG_S8512_H01,185,MOFA,,BTTB_IPCORE_NE80E_A,123.49.51.161,
BTTB_MOG_S8512_H01,186,"""Digital Vision",,,,
BTTB_MOG_S8512_H01,187,Bangladesh_Food_Safety,,,,
BTTB_MOG_S8512_H01,188,NBR-2nd-Link,GigabitEthernet3/1/16,,,
BTTB_MOG_S8512_H01,189,MINISTER_MoPTICT_RES,GigabitEthernet3/1/6,,,
BTTB_MOG_S8512_H01,190,*DIG_RailWay**,Ethernet5/1/4,,,
BTTB_MOG_S8512_H01,191,Tackyon_Limited,,BTTB_IPCORE_NE80E_A,123.49.60.229,
BTTB_MOG_S8512_H01,192,***DMP_HQ***,GigabitEthernet3/1/13,BTTB_IPCORE_NE80E_A,123.49.60.249,
BTTB_MOG_S8512_H01,193,**TTTC**,GigabitEthernet8/1/1,BTTB_IPCORE_NE80E_A,123.49.2.25,
BTTB_MOG_S8512_H01,194,"""AirTel Bangladesh""",,,,
BTTB_MOG_S8512_H01,195,***PGCB***,GigabitEthernet8/1/5,BTTB_IPCORE_NE80E_A,123.49.53.53,
BTTB_MOG_S8512_H01,196,***B_O_M***,GigabitEthernet3/1/24,BTTB_IPCORE_NE80E_A,123.49.52.49,
BTTB_MOG_S8512_H01,197,ESCB_Gazaria,GigabitEthernet8/1/2,BTTB_IPCORE_NE80E_A,123.49.52.145,
BTTB_MOG_S8512_H01,198,BTCL-InfoBahan Project,,,,
BTTB_MOG_S8512_H01,199,Monitoring,,,,
BTTB_MOG_S8512_H01,200,Test,,,,
BTTB_MOG_S8512_H01,201,VLAN 0201,,,,
BTTB_MOG_S8512_H01,202,*Sebatel_net_ltd,,,,
BTTB_MOG_S8512_H01,203,TTTC,"GigabitEthernet0/1/6 ,3/1/7",,,
BTTB_MOG_S8512_H01,205,PWD,,,,
BTTB_MOG_S8512_H01,206,BARI-GAZIPUR,,,,
BTTB_MOG_S8512_H01,207,InFos-Pol-Int-Connec,,,,
BTTB_MOG_S8512_H01,208,Karmochari_Kalyan_Board,,,,
BTTB_MOG_S8512_H01,209,NBR,,,,
BTTB_MOG_S8512_H01,210,Minister_Ashraf_Res,,,,
BTTB_MOG_S8512_H01,211,Fisheries_Dept,,BTTB_IPCORE_NE80E_A,203.112.192.73,
BTTB_MOG_S8512_H01,212,Intl-Mother-Language_Inst,GigabitEthernet9/1/17,BTTB_IPCORE_NE80E_A,123.49.52.117,
BTTB_MOG_S8512_H01,213,PD-MTBF-Project-MoF,,BTTB_IPCORE_NE80E_A,123.49.3.73,
BTTB_MOG_S8512_H01,214,HGS-IEB-HQ,,BTTB_IPCORE_NE80E_A,123.49.3.253,
BTTB_MOG_S8512_H01,215,BANGLADESH_ARMED_SERVICE,,BTTB_IPCORE_NE80E_A,123.49.2.9,
BTTB_MOG_S8512_H01,216,DG_MASS_COMMUNICATION,,BTTB_IPCORE_NE80E_A,123.49.2.169,
BTTB_MOG_S8512_H01,217,GEOLOGICAL_SURVEY,,BTTB_IPCORE_NE80E_A,123.49.52.133,
BTTB_MOG_S8512_H01,218,Engr_staff_College,,BTTB_IPCORE_NE80E_A,123.49.53.1,
BTTB_MOG_S8512_H01,219,Min_Fin_GaziBhaban,,BTTB_IPCORE_NE80E_A,123.49.53.193,
BTTB_MOG_S8512_H01,220,Sebatel_segugbagicha,,,,
BTTB_MOG_S8512_H01,221,TAX_Commissioner_Segunbagi,,,,
BTTB_MOG_S8512_H01,222,AntiCorruption,,,,
BTTB_MOG_S8512_H01,223,Tax-2,,,,
BTTB_MOG_S8512_H01,224,TAX_Commissioner-8,,,,
BTTB_MOG_S8512_H01,225,Urban_Dev_directorate,,,,
BTTB_MOG_S8512_H01,226,*CRC_textile_Segunbachicha,,,,
BTTB_MOG_S8512_H01,227,SPFMSP-Project,,,,
BTTB_MOG_S8512_H01,228,Civil_Audit_Dir_AditCmplx_Se,,,,
BTTB_MOG_S8512_H01,230,***Edu_Min***,,BTTB_IPCORE_NE80E_A,203.112.223.81,
BTTB_MOG_S8512_H01,231,***MIN_LGRD***,*MIN_LGSP-1---NE*) A,,,
BTTB_MOG_S8512_H01,232,Ministry_Of_LAW,,BTTB_IPCORE_NE80E_A,123.49.52.185,
BTTB_MOG_S8512_H01,233,*Min_Energy_PDB,,BTTB_IPCORE_NE80E_A,123.49.2.65,
BTTB_MOG_S8512_H01,234,Ministry_SCIENCE_and_TECH,,,,
BTTB_MOG_S8512_H01,236,Judicial_trang,,BTTB_IPCORE_NE80E_A,123.49.52.165,
BTTB_MOG_S8512_H01,237,***Min_Fish_live***,,BTTB_IPCORE_NE80E_A,123.49.52.217,
BTTB_MOG_S8512_H01,238,Min_Law_Justice_div,,BTTB_IPCORE_NE80E_A,123.49.53.5,
BTTB_MOG_S8512_H01,239,Ministry_of_Commerce,,BTTB_IPCORE_NE80E_A,123.49.53.37,
BTTB_MOG_S8512_H01,240,Ministry_Of_Forest,,BTTB_IPCORE_NE80E_A,123.49.53.41,
BTTB_MOG_S8512_H01,241,*Min_Fin_Internet,,BTTB_IPCORE_NE80E_A,123.49.4.33,
BTTB_MOG_S8512_H01,242,*MIN_Energy_Resource*,,BTTB_IPCORE_NE80E_A,123.49.53.233,
BTTB_MOG_S8512_H01,243,**Press_infor_Dept**,,,,
BTTB_MOG_S8512_H01,244,min_environ_project,,,,
BTTB_MOG_S8512_H01,271,EktiBari_EktiKhamar,,,,
BTTB_MOG_S8512_H01,272,Probashi_Kalyan_bank,,,,
BTTB_MOG_S8512_H01,273,Modern_Food_Storage,,,,
BTTB_MOG_S8512_H01,274,DhakaTimes24.com,,,,
BTTB_MOG_S8512_H01,275,*Aridod_tech*,,,,
BTTB_MOG_S8512_H01,276,*BTS_communication*,GigabitEthernet3/1/2,,,
BTTB_MOG_S8512_H01,277,Rampal_Power_Generation,,,,
BTTB_MOG_S8512_H01,278,ISN_Backup_internet,,,,
BTTB_MOG_S8512_H01,279,Res_Cabinet_sec,,,,
BTTB_MOG_S8512_H01,280,CRC_probashi_kalyan,,,,
BTTB_MOG_S8512_H01,281,*Women_affairs,,,,
BTTB_MOG_S8512_H01,300,BTCL Monitoring,,,,
BTTB_MOG_S8512_H01,301,G_sultan_signal_Srimangol,,,,
BTTB_MOG_S8512_H01,302,G_sultan_media_Srimangol,,,,
BTTB_MOG_S8512_H01,303,BTCL_IPTV_internet,,,,
BTTB_MOG_S8512_H01,306,Race_online,,,,
BTTB_MOG_S8512_H01,307,PWD_Medical_Colg_XEN,,BTTB_IPCORE_NE80E_A,123.49.49.177,
BTTB_MOG_S8512_H01,309,Always_ON_Network,,BTTB_IPCORE_NE80E_A,123.49.49.173,
BTTB_MOG_S8512_H01,311,Communication_One,,BTTB_IPCORE_NE80E_A,123.49.3.97,
BTTB_MOG_S8512_H01,312,CMEC,,BTTB_IPCORE_NE80E_A,123.49.53.45,
BTTB_MOG_S8512_H01,313,BRAC_BDmail_Networks_Ltd,,BTTB_IPCORE_NE80E_A,123.49.0.73 123.49.0.77,
BTTB_MOG_S8512_H01,315,DTech Ltd,,,,
BTTB_MOG_S8512_H01,316,cyber_communication,,BTTB_IPCORE_NE80E_A,123.49.52.161,
BTTB_MOG_S8512_H01,317,Tradexcel_Graphics_LTD,,BTTB_IPCORE_NE80E_A,123.49.3.121,
BTTB_MOG_S8512_H01,318,m/s Teleba Ltd,,,,
BTTB_MOG_S8512_H01,319,Next Online Ltd.,,BTTB_IPCORE_NE80E_A,123.49.3.137,
BTTB_MOG_S8512_H01,320,ConnectBD_Limited,,BTTB_IPCORE_NE80E_A,123.49.3.169,
BTTB_MOG_S8512_H01,323,Pradeshta_Ltd,,BTTB_IPCORE_NE80E_A,123.49.0.97,
BTTB_MOG_S8512_H01,324,Optimax_Ltd,,,,
BTTB_MOG_S8512_H01,326,Bijoy_Online,,BTTB_IPCORE_NE80E_A,123.49.0.121,
BTTB_MOG_S8512_H01,327,Spark_Systems,,,,
BTTB_MOG_S8512_H01,328,Agni_Systems,,,,
BTTB_MOG_S8512_H01,329,BTS Communication,,BTTB_IPCORE_NE80E_A,123.49.0.217,
BTTB_MOG_S8512_H01,330,DOT_TTC,,BTTB_IPCORE_NE80E_A,123.49.53.253,
BTTB_MOG_S8512_H01,331,Therap BD,,BTTB_IPCORE_NE80E_A,123.49.0.225,
BTTB_MOG_S8512_H01,332,Peoples' Telecom,,,,
BTTB_MOG_S8512_H01,333,Sirius,,,,
BTTB_MOG_S8512_H01,334,Robi,,BTTB_IPCORE_NE80E_A,"123.49.4.9,123.49.4.13",
BTTB_MOG_S8512_H01,335,Dhaka Com,,,,
BTTB_MOG_S8512_H01,336,Sorob IT,,,,
BTTB_MOG_S8512_H01,337,Sadia Tech Ltd,,,,
BTTB_MOG_S8512_H01,338,Aamra_net,,BTTB_IPCORE_NE80E_A,123.49.0.193,
BTTB_MOG_S8512_H01,339,Druti Network Ltd,,,,
BTTB_MOG_S8512_H01,340,BRAC University,,BTTB_IPCORE_NE80E_A,123.49.4.129,
BTTB_MOG_S8512_H01,343,Square Informatix,,BTTB_IPCORE_NE80E_A,123.49.4.137,
BTTB_MOG_S8512_H01,345,Deltasoft,,,,
BTTB_MOG_S8512_H01,346,JF Opticla Services,,,,
BTTB_MOG_S8512_H01,347,GNet Technologies,,,,
BTTB_MOG_S8512_H01,348,BDIX,,,,
BTTB_MOG_S8512_H01,351,Arena Infotech,,,,
BTTB_MOG_S8512_H01,353,3G Networks Technology,,,,
BTTB_MOG_S8512_H01,354,RigTel Ltd,,,,
BTTB_MOG_S8512_H01,355,Layer 3 Technology Ltd,,,,
BTTB_MOG_S8512_H01,357,Dev Consultants Ltd,,,,
BTTB_MOG_S8512_H01,358,BanglaPhone Ltd,,,,
BTTB_MOG_S8512_H01,360,Augere_Bangladesh,GigabitEthernet1/1/7,BTTB_IPCORE_NE80E_A,"123.49.51.97 ,123.49.51.101",
BTTB_MOG_S8512_H01,361,Shehala_IT,,,,
BTTB_MOG_S8512_H01,362,North_South_Uni,,BTTB_IPCORE_NE80E_A,123.49.52.37,
BTTB_MOG_S8512_H01,369,EPI_health_mohakhali,,BTTB_IPCORE_NE80E_A,123.49.49.1,
BTTB_MOG_S8512_H01,372,TEST,,,,
BTTB_MOG_S8512_H01,392,VLAN 0392,,,,
BTTB_MOG_S8512_H01,394,BD_HUB_IIG,,,,
BTTB_MOG_S8512_H01,397,BTCL_Gilshan_Monotoring,,BTTB_IPCORE_NE80E_A,123.49.50.253,
BTTB_MOG_S8512_H01,398,Setu_Bhaban,,BTTB_IPCORE_NE80E_A,123.49.2.145,
BTTB_MOG_S8512_H01,400,VLAN 0400,,,,
BTTB_MOG_S8512_H01,401,ARTDOC,,BTTB_IPCORE_NE80E_A,"123.49.50.25, 123.49.3.1",
BTTB_MOG_S8512_H01,402,DGFI,,BTTB_IPCORE_NE80E_A,180.211.162.65,
BTTB_MOG_S8512_H01,403,Army_ASPTS,,,,
BTTB_MOG_S8512_H01,404,Adamjee Cantt. Public School,,BTTB_IPCORE_NE80E_A,123.49.60.201,
BTTB_MOG_S8512_H01,405,Army_HQ_Ardoc,,,,
BTTB_MOG_S8512_H01,408,GTCL_IFB,,,,
BTTB_MOG_S8512_H01,411,CGEIS,,,,
BTTB_MOG_S8512_H01,417,IUT_internet,,,,
BTTB_MOG_S8512_H01,420,VLAN 0420,,,,
BTTB_MOG_S8512_H01,421,Savar Cantt. PSC,,BTTB_IPCORE_NE80E_A,123.49.50.105,
BTTB_MOG_S8512_H01,422,JU_SAVAR,,BTTB_IPCORE_NE80E_A,123.49.60.209,
BTTB_MOG_S8512_H01,423,ARRTI-Telecom,,BTTB_IPCORE_NE80E_A,123.49.51.169,
BTTB_MOG_S8512_H01,424,203_Network_for.BD,GigabitEthernet3/1/23,,,
BTTB_MOG_S8512_H01,431,RAB-UTTARA,,BTTB_IPCORE_NE80E_A,123.49.51.89,
BTTB_MOG_S8512_H01,433,GPO_Airport,,,,
BTTB_MOG_S8512_H01,447,test,Ethernet4/1/18,,,
BTTB_MOG_S8512_H01,451,Dhaka_Div_Comm,,BTTB_IPCORE_NE80E_A,123.49.52.5,
BTTB_MOG_S8512_H01,458,BICC-WTISD,,BTTB_IPCORE_NE80E_A,123.49.51.197,
BTTB_MOG_S8512_H01,480,City_North_sayeda,,BTTB_IPCORE_NE80E_A,123.49.53.33,
BTTB_MOG_S8512_H01,599,GP TEST 2,,,,
BTTB_MOG_S8512_H01,602,City_NET,,BTTB_IPCORE_NE80E_A,180.211.205.1,
BTTB_MOG_S8512_H01,651,DUET,,,,
BTTB_MOG_S8512_H01,652,agri_uni_salna,,,,
BTTB_MOG_S8512_H01,680,DESCO,,BTTB_IPCORE_NE80E_A,123.49.0.89,
BTTB_MOG_S8512_H01,690,RAB_2nd_link,,BTTB_IPCORE_NE80E_A,123.49.60.121,
BTTB_MOG_S8512_H01,801,City_North_Khil,,,,
BTTB_MOG_S8512_H01,924,209_Network_for_.BD,GigabitEthernet10/1/1,,,
BTTB_MOG_S8512_H01,925,TELETALK-GPRS-Link,,,,
BTTB_MOG_S8512_H01,926,GPO,,BTTB_IPCORE_NE80E_A,123.49.52.249,
BTTB_MOG_S8512_H01,927,BICM_Segunbaghicha,,BTTB_IPCORE_NE80E_A,123.49.53.73,
BTTB_MOG_S8512_H01,928,Urban_health_city_south,,BTTB_IPCORE_NE80E_A,123.49.53.165,
BTTB_MOG_S8512_H01,929,Juba_Unnayan_Motijeel,,,,
BTTB_MOG_S8512_H01,935,NBR_2nd_test130417,,,,
BTTB_MOG_S8512_H01,945,PWD_EXEN_city,,BTTB_IPCORE_NE80E_A,123.49.49.21,
BTTB_MOG_S8512_H01,946,PWD_Dhaka_div-1,,BTTB_IPCORE_NE80E_A,123.49.49.53,
BTTB_MOG_S8512_H01,947,CP_int_TRBL,,BTTB_IPCORE_NE80E_A,123.49.49.85,
BTTB_MOG_S8512_H01,955,Police_HQ,,,,
BTTB_MOG_S8512_H01,956,City_Cable,,BTTB_IPCORE_NE80E_A,123.49.52.45,
BTTB_MOG_S8512_H01,957,Data_Edge,GigabitEthernet1/1/10,BTTB_IPCORE_NE80E_A,123.49.60.225,
BTTB_MOG_S8512_H01,958,BangladeshBank,,BTTB_IPCORE_NE80E_A,123.49.60.217,
BTTB_MOG_S8512_H01,959,BangaBhaban,,BTTB_IPCORE_NE80E_A,123.49.51.209,
BTTB_MOG_S8512_H01,960,GoVT_Transport_Pool,,,,
BTTB_MOG_S8512_H01,961,NCTB,,BTTB_IPCORE_NE80E_A,123.49.2.1,
BTTB_MOG_S8512_H01,962,LGSP_2_Moti,,BTTB_IPCORE_NE80E_A,123.49.2.33,
BTTB_MOG_S8512_H01,963,Security_Exchange_Commission,,BTTB_IPCORE_NE80E_A,"123.49.2.157 , 123.49.34.13",
BTTB_MOG_S8512_H01,964,BCIC_2nd_Link,,BTTB_IPCORE_NE80E_A,123.49.53.65,
BTTB_MOG_S8512_H01,965,BRTA_nagarBhaban,,BTTB_IPCORE_NE80E_A,123.49.53.205,
BTTB_MOG_S8512_H01,966,Matrisadan_city_corp,,BTTB_IPCORE_NE80E_A,123.49.53.237,
BTTB_MOG_S8512_H01,967,JAMUKA,,BTTB_IPCORE_NE80E_A,123.49.49.133,
BTTB_MOG_S8512_H01,970,BANGLADESH SUPREME COURT,,BTTB_IPCORE_NE80E_A,"123.49.60.141 , 123.49.57.249",
BTTB_MOG_S8512_H01,971,VLAN 0971,,,,
BTTB_MOG_S8512_H01,973,DG_edu,,BTTB_IPCORE_NE80E_A,203.112.223.53,
BTTB_MOG_S8512_H01,974,Jagannath_uni,,,,
BTTB_MOG_S8512_H01,975,CENTRAL_TAX_Survey,,BTTB_IPCORE_NE80E_A,123.49.49.101,
BTTB_MOG_S8512_H01,980,Ministry_LAND_Motijeel,,BTTB_IPCORE_NE80E_A,123.49.52.65,
BTTB_MOG_S8512_H01,981,*Cabinet_Div_Internet,,BTTB_IPCORE_NE80E_A,123.49.52.229,
BTTB_MOG_S8512_H01,982,Nagar_Bahaban,,BTTB_IPCORE_NE80E_A,123.49.53.9,
BTTB_MOG_S8512_H01,983,GPO_sadarghat,,,,
BTTB_MOG_S8512_H01,984,Tax-13_paltan,,BTTB_IPCORE_NE80E_A,123.49.49.5,
BTTB_MOG_S8512_H01,985,Sadharan_bima,,BTTB_IPCORE_NE80E_A,123.49.49.13,
BTTB_MOG_S8512_H01,1001,for_MOG_DSL_PPPOE_H01,,,,
BTTB_MOG_S8512_H01,1002,for_MOG_DSL_PPPOE_H02,,,,
BTTB_MOG_S8512_H01,1003,for_MOG_DSL_PPPOE_H03,,,,
BTTB_MOG_S8512_H01,1009,For_GUL_A_PPPoE_H01,,,,
BTTB_MOG_S8512_H01,1014,BTCL-2FL-WiFi,GigabitEthernet10/1/4,BTTB_IPCORE_NE80E_A,123.49.0.65,
BTTB_MOG_S8512_H01,1017,RAM_PPPoE_A_H01,,,,
BTTB_MOG_S8512_H01,1018,RAM_PPPoE_A_H02,,,,
BTTB_MOG_S8512_H01,1019,RAM_PPPoE_A_H03,,,,
BTTB_MOG_S8512_H01,1020,RAM_PPPoE_B_H01,,,,
BTTB_MOG_S8512_H01,1021,RAM_PPPoE_B_H02,,,,
BTTB_MOG_S8512_H01,1023,SAY_PPPoE_H01,,,,
BTTB_MOG_S8512_H01,1024,SAY_PPPoE_H02,,,,
BTTB_MOG_S8512_H01,1035,For_UTT_PPPoE_H01,,,,
BTTB_MOG_S8512_H01,1036,For_UTT_PPPoE_H02,,,,
BTTB_MOG_S8512_H01,1037,For_UTT_PPPoE_H03,,,,
BTTB_MOG_S8512_H01,1041,SBN_PPPoE_A_H01,,,,
BTTB_MOG_S8512_H01,1042,SBN_PPPoE_A_H02,,,,
BTTB_MOG_S8512_H01,1043,SBN_PPPoE_A_H03,,,,
BTTB_MOG_S8512_H01,1044,SBN_PPPoE_B_H01,,,,
BTTB_MOG_S8512_H01,1051,DG Food,,BTTB_IPCORE_NE80E_A,123.49.60.221,
BTTB_MOG_S8512_H01,1052,Ministry_Of-Health,,BTTB_IPCORE_NE80E_A,123.49.60.149,
BTTB_MOG_S8512_H01,1053,Min_Estab,,BTTB_IPCORE_NE80E_A,123.49.60.253,
BTTB_MOG_S8512_H01,1061,CAN_PPPoE_H01,,,,
BTTB_MOG_S8512_H01,1062,CAN_PPPoE_H02,,,,
BTTB_MOG_S8512_H01,1064,MIR_PPPoE_H01,,,,
BTTB_MOG_S8512_H01,1065,MIR_PPPoE_H02,,,,
BTTB_MOG_S8512_H01,1073,CHA_PPPoE_H01,,,,
BTTB_MOG_S8512_H01,1074,CHA_PPPoE_H02,,,,
BTTB_MOG_S8512_H01,1095,For_GAZ_PPPoE_H01,,,,
BTTB_MOG_S8512_H01,1096,For_SAV_PPPoE_H01,,,,
BTTB_MOG_S8512_H01,1126,MSAN-Petrobangla,,,,
BTTB_MOG_S8512_H01,1200,For_IPTV_Test,,,,
BTTB_MOG_S8512_H01,1201,CPM-BLUE-Test,,,,
BTTB_MOG_S8512_H01,1207,VLAN 1207,,,,
BTTB_MOG_S8512_H01,1300,PPPoE_MSAN_SBN_OLT,,,,
BTTB_MOG_S8512_H01,1301,MSAN_CAN_UA5000,,,,
BTTB_MOG_S8512_H01,1302,Comilla_Online_Comilla,,,,
BTTB_MOG_S8512_H01,1317,VLAN 1317,,,,
BTTB_MOG_S8512_H01,1321,VLAN 1321,,,,
BTTB_MOG_S8512_H01,1500,VLAN 1500,,,,
BTTB_MOG_S8512_H01,1548,BCC_Women_Aff_VPN,,,,
BTTB_MOG_S8512_H01,1552,BCC_BTCL_VPN,GigabitEthernet8/1/20,,,
BTTB_MOG_S8512_H01,1555,BCC_BOESL_VPN,GigabitEthernet8/1/14,,,
BTTB_MOG_S8512_H01,1561,BCC_DPHE_VPN,GigabitEthernet8/1/18,,,
BTTB_MOG_S8512_H01,1563,BCC_AGB_VPN,GigabitEthernet8/1/17,,,
BTTB_MOG_S8512_H01,1566,BCC_BMET_VPN,GigabitEthernet8/1/19,,,
BTTB_MOG_S8512_H01,1626,BCC_BTV_VPN,GigabitEthernet8/1/12,,,
BTTB_MOG_S8512_H01,1652,H.N_Telecom,,,,
BTTB_MOG_S8512_H01,1700,VLAN 1700,,,,
BTTB_MOG_S8512_H01,1800,Mynet_mymensingh,,,,
BTTB_MOG_S8512_H01,1802,Agri_temp,,,,
BTTB_MOG_S8512_H01,1809,"Helpline,Bogra",,BTTB_IPCORE_NE80E_A,123.49.51.193,
BTTB_MOG_S8512_H01,1810,sizram,,,,
BTTB_MOG_S8512_H01,2001,**DU-NIX**,,,,
BTTB_MOG_S8512_H01,2008,TNDP_GPON,,,,
BTTB_MOG_S8512_H01,2100,8512 to 6500 for xsdl,,,,
BTTB_MOG_S8512_H01,2220,VLAN 2220,,,,
BTTB_MOG_S8512_H01,2500,ICC_Mirpur,,,,
BTTB_MOG_S8512_H01,2501,ICC_BB,,,,
BTTB_MOG_S8512_H01,2502,ICC_Fotulla,,,,
BTTB_MOG_S8512_H01,2601,VLAN 2601,,,,
BTTB_MOG_S8512_H01,2603,Passport_MRP_VPN,,,,
BTTB_MOG_S8512_H01,2604,Police_Camera,,,,
BTTB_MOG_S8512_H01,2605,DMP_MPLS,"GigabitEthernet3/1/8,3/1/9,3/1/14",,,
BTTB_MOG_S8512_H01,2606,X_link_MPLS,,,,
BTTB_MOG_S8512_H01,2608,Parliament_MPLS,,,,
BTTB_MOG_S8512_H01,2612,NGN-BILLIG-MPLS,,,,
BTTB_MOG_S8512_H01,2613,Metro_net_MPLS,,,,
BTTB_MOG_S8512_H01,2615,RHD-VPN,,,,
BTTB_MOG_S8512_H01,2616,BIRDEM_Faridpur,,,,
BTTB_MOG_S8512_H01,2618,RanksIT_VPN_Nation,,,,
BTTB_MOG_S8512_H01,2620,Setu_Bhaban_MPLS_to_JB,GigabitEthernet10/2/1,,,
BTTB_MOG_S8512_H01,2621,Prodesta_MPLS,,,,
BTTB_MOG_S8512_H01,2626,icon_info_MPLS_ctg,GigabitEthernet3/1/19,,,
BTTB_MOG_S8512_H01,2627,BTCL_PCMS_OTR_HQ,Ethernet5/1/3,,,
BTTB_MOG_S8512_H01,2628,comilla_online,,BTTB_IPCORE_NE80E_A,180.211.162.1,
BTTB_MOG_S8512_H01,2631,SB_police_MPLS_nation,,,,
BTTB_MOG_S8512_H01,2634,NBR_MPLS,GigabitEthernet0/1/9,,,
BTTB_MOG_S8512_H01,2636,BTCL_Billing_MPLS,GigabitEthernet9/1/21,,,
BTTB_MOG_S8512_H01,2637,Tomatoweb_MPLS,,,,
BTTB_MOG_S8512_H01,2639,BTCL_PCMS_OTR,,,,
BTTB_MOG_S8512_H01,2640,PCC,,,,
BTTB_MOG_S8512_H01,2651,Metronet_MPLS_Syl,,,,
BTTB_MOG_S8512_H01,2652,*Metronet_MPLS_Kln,,,,
BTTB_MOG_S8512_H01,2653,Metro_net_MPLS_Ranga,,,,
BTTB_MOG_S8512_H01,2654,Metro_net_MPLS_Kustia,,,,
BTTB_MOG_S8512_H01,2655,Metro_net_MPLS_sirajgonj,,,,
BTTB_MOG_S8512_H01,2656,Metro_net_MPLS_Faridpur,,,,
BTTB_MOG_S8512_H01,2657,*Metro_net_MPLS_Moulovibaz,,,,
BTTB_MOG_S8512_H01,2658,Metro_net_MPLS_khagrachh,,,,
BTTB_MOG_S8512_H01,2659,Metro_net_MPLS_Bogra,,,,
BTTB_MOG_S8512_H01,2660,Metro_net_MPLS_Barishal,,,,
BTTB_MOG_S8512_H01,2661,Metro_net_MPLS_Feni,,,,
BTTB_MOG_S8512_H01,2662,Metro_net_MPLS_jessore,,,,
BTTB_MOG_S8512_H01,2663,Metro_net_MPLS_chuadanga,,,,
BTTB_MOG_S8512_H01,2664,Metro_net_MPLS_Chandpur,,,,
BTTB_MOG_S8512_H01,2665,Metro_net_MPLS_Noagoan,,,,
BTTB_MOG_S8512_H01,2666,Metro_net_MPLS_Gaibandha,,,,
BTTB_MOG_S8512_H01,2667,Metro_net_MPLS_Tangail,,,,
BTTB_MOG_S8512_H01,2668,Metro_net_MPLS_Rangpur,,,,
BTTB_MOG_S8512_H01,2669,Metro_net_MPLS_sherpur,,,,
BTTB_MOG_S8512_H01,2670,Metro_net_MPLS_Rajbari,,,,
BTTB_MOG_S8512_H01,2671,Metro_net_MPLS_meherpur,,,,
BTTB_MOG_S8512_H01,2672,Metro_net_MPLS_hobigonj,,,,
BTTB_MOG_S8512_H01,2673,Metro_net_MPLS_mymensingh,,,,
BTTB_MOG_S8512_H01,2674,Metro_net_MPLS_dinajpur,,,,
BTTB_MOG_S8512_H01,2676,Metro_net_MPLS_comilla,,,,
BTTB_MOG_S8512_H01,2681,Metronet_manikgonj,,,,
BTTB_MOG_S8512_H01,2686,Metronet_Dhaka_Laxmipur,,,,
BTTB_MOG_S8512_H01,2726,BTCL_VC,,,,
BTTB_MOG_S8512_H01,2728,*BTCL_Revenue_VPN,,,,
BTTB_MOG_S8512_H01,2729,BTCL_Call_Centre,"GigabitEthernet0/1/8,0/1/12,0/1/15",,,
BTTB_MOG_S8512_H01,2730,BTCL-Bank_VPN,Ethernet4/1/11,,,
BTTB_MOG_S8512_H01,2801,Women_Affairs,,,,
BTTB_MOG_S8512_H01,2958,Bracnet_Mpls_pirojpur_Mog,,,,
BTTB_MOG_S8512_H01,3100,SASEC_VPN,,,,
BTTB_MOG_S8512_H01,3101,SASEC_RN,,,,
BTTB_MOG_S8512_H01,3102,NSI_VPN,,,,
BTTB_MOG_S8512_H01,3111,Min_Finance_VPN,"GigabitEthernet1/1/22,Ethernet5/1/5",,,
BTTB_MOG_S8512_H01,3112,Min_fin_DC_BR,,,,
BTTB_MOG_S8512_H01,3251,Brite_tech_VPN,GigabitEthernet3/1/18,,,
BTTB_MOG_S8512_H01,3566,INFO_BD_24_BGP_Joypurhat,,BTTB_IPCORE_NE80E_A,180.211.183.229,
BTTB_MOG_S8512_H01,3603,SB_DSB_Passport_MRP_VPN,,,,
BTTB_MOG_S8512_H01,3980,Test_Exam,,,,
BTTB_MOG_S8512_H01,3981,Test_Exam_2,,,,
BTTB_MOG_S8512_H01,3999,MSAN_MANAGEMENT,,,,
BTTB_MOG_S8512_H01,4000,For_DSLAM_Mangement,"GigabitEthernet10/2/2,10/2/3",,,
BTTB_MOG_S8512_H01,4001,For_Management_Telenet_Vlan,,BTTB_IPCORE_NE80E_A,123.49.13.77,
BTTB_MOG_S8512_H01,4003,For_AAA_connection,,,,
BTTB_MOG_S8512_H01,4004,For_XDSL_internet_connection,GigabitEthernet9/1/7,,"123.49.13.130 , 123.49.12.61",
BTTB_MOG_S8512_H01,4015,TNDP-ADSL-EMS-To-SBN,,,,
BTTB_MOG_S8512_H01,4021,DPI-1,,,,
BTTB_MOG_S8512_H01,4022,DPI-2,,,,
BTTB_MOG_S8512_H01,4023,DPI-3,,,,
BTTB_MOG_S8512_H01,4024,DPI-4,,,,
BTTB_MOG_S8512_H01,4038,NGN-NTMC-Connectivity,,,,
Mogbazar_S12712,2,BTCL-2FL-PC2,,BTTB_IPCORE_NE80E_A,203.112.192.193,
Mogbazar_S12712,10,for test,,BTTB_IPCORE_NE80E_A,23.23.23.1,
Mogbazar_S12712,11,Google_Cache,,BTTB_IPCORE_NE80E_A,,
Mogbazar_S12712,12,Akamai-Cache-Services,,BTTB_IPCORE_NE80E_B,180.211.201.1,
Mogbazar_S12712,21,Test,,,,
Mogbazar_S12712,24,.BD/.Bangla,,BTTB_IPCORE_NE80E_A,,
Mogbazar_S12712,30,MGNT,,,,
Mogbazar_S12712,31,Mgnt_NOC-S9312,,,,
Mogbazar_S12712,40,Test,,,,
Mogbazar_S12712,50,Test_TSC,,,,
Mogbazar_S12712,81,DNS_.BD-123.49.12.112,Reve server 80 NE 80 A,,,
Mogbazar_S12712,97,Narcotics control,,BTTB_IPCORE_NE80E_A,123.49.49.185,
Mogbazar_S12712,101,GP_internet,DPI Test-80 NE 80A,,,
Mogbazar_S12712,102,test,,,,
Mogbazar_S12712,104,Minister-MoPME,,BTTB_IPCORE_NE80E_A,123.49.2.41,
Mogbazar_S12712,107,Directorate_Madrasah_Education,,,,
Mogbazar_S12712,108,BIWTC,,,,
Mogbazar_S12712,109,WAQF_Authority,,,,
Mogbazar_S12712,110,Tiger-IT-Mog,,,,
Mogbazar_S12712,111,Dhaka University,,,,
Mogbazar_S12712,112,PUBLIC SERVICE COMMISSION,,BTTB_IPCORE_NE80E_A,123.49.52.33,
Mogbazar_S12712,113,BTCL_AO_HQ,,,,
Mogbazar_S12712,117,BUET IICT,,,,
Mogbazar_S12712,118,ICT Incubator,,,,
Mogbazar_S12712,121,min_mossarraf,,,,
Mogbazar_S12712,122,BTV_3G_link,,,,
Mogbazar_S12712,123,BDCOM Online Ltd,,BTTB_IPCORE_NE80E_A,"123.49.0.113,123.49.0.117",
Mogbazar_S12712,124,dotBangla_Secondary_DNS,,,,
Mogbazar_S12712,126,RPATC_Dhaka,,,,
Mogbazar_S12712,127,Bangla Trac Ltd,,,,
Mogbazar_S12712,132,Padma_Oil_IEB,,,,
Mogbazar_S12712,134,SMRC,,BTTB_IPCORE_NE80E_A,123.49.4.225,
Mogbazar_S12712,135,Res_Dudak_chairman,,BTTB_IPCORE_NE80E_A,123.49.49.37,
Mogbazar_S12712,136,Miniter_Eafes,,BTTB_IPCORE_NE80E_A,123.49.49.65,
Mogbazar_S12712,140,GPO_Kamlapur,,,,
Mogbazar_S12712,141,BTRC,,,,
Mogbazar_S12712,142,Minister_Rashed_Khan_Memon,,,,
Mogbazar_S12712,145,*BTV_Nation_Network,GE1/0/45,BTTB_IPCORE_NE80E_A,123.49.60.105,
Mogbazar_S12712,147,Min_Probashi_Kalyan,,BTTB_IPCORE_NE80E_A,123.49.52.9,
Mogbazar_S12712,149,Bright_tech,,BTTB_IPCORE_NE80E_B,123.49.53.185,
Mogbazar_S12712,151,Dhaka Broadband Network,,BTTB_IPCORE_NE80E_A,123.49.4.65,
Mogbazar_S12712,152,ISN,,BTTB_IPCORE_NE80E_A,123.49.3.201,
Mogbazar_S12712,155,SICT,,,,
Mogbazar_S12712,156,Access_tel_Kawran,GE3/0/20,BTTB_IPCORE_NE80E_A,123.49.1.169,
Mogbazar_S12712,159,Teletalk_Ramna,,,,
Mogbazar_S12712,160,Min_Fishries_Residence,,BTTB_IPCORE_NE80E_A,123.49.53.133,
Mogbazar_S12712,164,Broad-Band-Telcom-Services,GE3/0/7,BTTB_IPCORE_NE80E_A,123.49.50.121,
Mogbazar_S12712,165,BTCL HQ,,BTTB_IPCORE_NE80E_A,203.112.192.25,
Mogbazar_S12712,169,BTV,,BTTB_IPCORE_NE80E_A,123.49.60.145,
Mogbazar_S12712,175,RHD,,,,
Mogbazar_S12712,176,Directorate_Print,,,,
Mogbazar_S12712,177,BTS_Communication_Pri,,,,
Mogbazar_S12712,178,BSMMU,,,,
Mogbazar_S12712,181,Smart Systems,,,,
Mogbazar_S12712,184,Dep_film_Archive,,,,
Mogbazar_S12712,185,MOFA,,,,
Mogbazar_S12712,186,Chief justice residense supremâ€¦,GE3/0/14,BTTB_IPCORE_NE80E_A,123.49.49.189,
Mogbazar_S12712,187,Bangladesh_Food_Safety,,BTTB_IPCORE_NE80E_A,123.49.53.137,
Mogbazar_S12712,188,NBR-2nd-Link,,BTTB_IPCORE_NE80E_A,123.49.52.153,
Mogbazar_S12712,189,MINISTER_MoPTICT_RES,,BTTB_IPCORE_NE80E_A,123.49.52.221,
Mogbazar_S12712,190,DIG_RailWay,,BTTB_IPCORE_NE80E_A,123.49.53.49,
Mogbazar_S12712,192,DMP_HQ,,,,
Mogbazar_S12712,193,TTTC,,,,
Mogbazar_S12712,195,PGCB,,,,
Mogbazar_S12712,196,B_O_M,,,,
Mogbazar_S12712,197,ESCB_Gazaria,,,,
Mogbazar_S12712,200,ROBI_pri,GE2/0/0,,,
Mogbazar_S12712,201,VLAN 0201,,,,
Mogbazar_S12712,203,TTTC,,,,
Mogbazar_S12712,205,PWD,,BTTB_IPCORE_NE80E_A,180.211.203.1,
Mogbazar_S12712,206,BARI-GAZIPUR,,BTTB_IPCORE_NE80E_A,123.49.60.213,
Mogbazar_S12712,207,InFos-Pol-Int-Connec,,,,
Mogbazar_S12712,208,Karmochari_Kalyan_Board,,BTTB_IPCORE_NE80E_A,123.49.60.173,
Mogbazar_S12712,209,NBR,,BTTB_IPCORE_NE80E_A,203.112.223.125,
Mogbazar_S12712,210,Minister_Ashraf_Res,,,,
Mogbazar_S12712,211,Fisheries_Dept,,,,
Mogbazar_S12712,212,Intl-Mother-Language_Inst,,,,
Mogbazar_S12712,213,PD-MTBF-Project-MoF,,,,
Mogbazar_S12712,214,HGS-IEB-HQ,,,,
Mogbazar_S12712,215,BANGLADESH_ARMED_SERVICE,,,,
Mogbazar_S12712,216,DG_MASS_COMMUNICATION,,,,
Mogbazar_S12712,217,GEOLOGICAL_SURVEY,,,,
Mogbazar_S12712,218,Engr_staff_College,,,,
Mogbazar_S12712,219,Min_Fin_GaziBhaban,,,,
Mogbazar_S12712,220,Sebatel_segugbagicha,pbl -80A-GTCL,,,
Mogbazar_S12712,221,TAX_Commissioner_Segunbagi,,BTTB_IPCORE_NE80E_A,123.49.60.101,
Mogbazar_S12712,222,AntiCorruption,,BTTB_IPCORE_NE80E_A,123.49.52.29,
Mogbazar_S12712,223,Tax-2,,BTTB_IPCORE_NE80E_A,123.49.49.25,
Mogbazar_S12712,224,TAX_Commissioner-8,,BTTB_IPCORE_NE80E_A,123.49.49.29,
Mogbazar_S12712,225,Urban_Dev_directorate,,BTTB_IPCORE_NE80E_A,123.49.49.77,
Mogbazar_S12712,226,CRC_textile_Segunbachicha,,BTTB_IPCORE_NE80E_A,123.49.49.141,
Mogbazar_S12712,227,SPFMSP-Project,,BTTB_IPCORE_NE80E_A,123.49.49.157,
Mogbazar_S12712,228,Civil_Audit_Dir_AditCmplx_Se,,BTTB_IPCORE_NE80E_A,123.49.49.161,
Mogbazar_S12712,230,Edu_Min,,BTTB_IPCORE_NE80E_A,203.112.223.81,
Mogbazar_S12712,231,MIN_LGRD,,,,
Mogbazar_S12712,232,Ministry_Of_LAW,,BTTB_IPCORE_NE80E_A,123.49.52.185,
Mogbazar_S12712,233,Min_Energy_PDB,,BTTB_IPCORE_NE80E_A,123.49.2.65,
Mogbazar_S12712,234,Ministry_SCIENCE_and_TECH,,,,
Mogbazar_S12712,236,Judicial_trang,,,,
Mogbazar_S12712,237,Min_Fish_live,,,,
Mogbazar_S12712,238,Min_Law_Justice_div,,,,
Mogbazar_S12712,239,Ministry_of_Commerce,,,,
Mogbazar_S12712,240,Ministry_Of_Forest,,,,
Mogbazar_S12712,241,Min_Fin_Internet,,BTTB_IPCORE_NE80E_A,123.49.4.33,
Mogbazar_S12712,242,MIN_Energy_Resource,,BTTB_IPCORE_NE80E_A,123.49.53.233,
Mogbazar_S12712,243,Press_infor_Dept,,BTTB_IPCORE_NE80E_A,123.49.52.225,
Mogbazar_S12712,244,min_environ_project*,,BTTB_IPCORE_NE80E_A,"123.49.37.33,123.49.49.113",
Mogbazar_S12712,247,SPARSO,,,,
Mogbazar_S12712,255,NSDC-TTC,,,,
Mogbazar_S12712,256,DOT_internet,,BTTB_IPCORE_NE80E_A,123.49.49.193,
Mogbazar_S12712,260,ISN-Internet,GE3/0/23,,,
Mogbazar_S12712,271,EktiBari_EktiKhamar,,BTTB_IPCORE_NE80E_A,123.49.53.89,
Mogbazar_S12712,272,Probashi_Kalyan_bank,,BTTB_IPCORE_NE80E_A,123.49.53.93,
Mogbazar_S12712,273,Modern_Food_Storage,,BTTB_IPCORE_NE80E_A,123.49.53.97,
Mogbazar_S12712,274,DhakaTimes24.com,,BTTB_IPCORE_NE80E_A,123.49.53.113,
Mogbazar_S12712,275,Aridod_tech,,,,
Mogbazar_S12712,276,BTS_communication,GE2/0/2,,,
Mogbazar_S12712,277,Rampal_Power_Generation,,BTTB_IPCORE_NE80E_A,123.49.53.249,
Mogbazar_S12712,278,ISN_Backup_internet,,,,
Mogbazar_S12712,279,Res_Cabinet_sec,,BTTB_IPCORE_NE80E_A,123.49.49.129,
Mogbazar_S12712,280,CRC_probashi_kalyan,,BTTB_IPCORE_NE80E_A,123.49.49.145,
Mogbazar_S12712,281,Women_affairs,,BTTB_IPCORE_NE80E_A,123.49.49.149,
Mogbazar_S12712,282,Dir_of_Madrashah_Education,,BTTB_IPCORE_NE80E_A,123.49.49.169,
Mogbazar_S12712,300,BTCL Monitoring,GE3/0/0,,,
Mogbazar_S12712,301,G_sultan_signal_Srimangol,,,,
Mogbazar_S12712,302,G_sultan_media_Srimangol,,,,
Mogbazar_S12712,307,PWD_Medical_Colg_XEN,,BTTB_IPCORE_NE80E_A,123.49.49.177,
Mogbazar_S12712,312,CMEC,,BTTB_IPCORE_NE80E_A,123.49.53.45,
Mogbazar_S12712,318,Tiger IT Ltd.,,BTTB_IPCORE_NE80E_A,123.49.3.113,
Mogbazar_S12712,320,ConnectBD_Limited,,,,
Mogbazar_S12712,326,Bijoy_Online,,,,
Mogbazar_S12712,329,BTS Communication,,BTTB_IPCORE_NE80E_A,123.49.0.217,
Mogbazar_S12712,330,DOT_TTC,,,,
Mogbazar_S12712,331,Therap BD,,BTTB_IPCORE_NE80E_A,123.49.0.225,
Mogbazar_S12712,340,BRAC University,,BTTB_IPCORE_NE80E_A,123.49.4.129,
Mogbazar_S12712,369,EPI_health_mohakhali,,BTTB_IPCORE_NE80E_A,123.49.49.1,
Mogbazar_S12712,381,GP_internet,,BTTB_IPCORE_NE80E_A,123.49.1.89,
Mogbazar_S12712,398,Setu_Bhaban,,,,
Mogbazar_S12712,401,ARTDOC,,BTTB_IPCORE_NE80E_A,"123.49.50.25 , 123.49.3.1",
Mogbazar_S12712,402,DGFI,,BTTB_IPCORE_NE80E_A,180.211.162.65,
Mogbazar_S12712,403,Army_ASPTS,,,,
Mogbazar_S12712,404,Adamjee Cantt. Public School,,BTTB_IPCORE_NE80E_A,123.49.60.201,
Mogbazar_S12712,405,Army_HQ_Ardoc,,,,
Mogbazar_S12712,408,mango_backup,,,,
Mogbazar_S12712,409,Sheersha_news_dot_com,GE3/0/10,,,
Mogbazar_S12712,410,Zx_online,,,,
Mogbazar_S12712,411,Judicial_Service_MoLAW**(mowr),,,,
Mogbazar_S12712,412,Mango-Secondary,"XGE4/0/12, XGE4/0/13",,,
Mogbazar_S12712,414,Aamra_pri_link,,,,
Mogbazar_S12712,416,Next_Online_mog,XGE4/0/16,,,
Mogbazar_S12712,417,IUT_Internet,,,,
Mogbazar_S12712,420,BPATC,,,,
Mogbazar_S12712,421,Savar Cantt. PSC,,BTTB_IPCORE_NE80E_A,123.49.50.105,
Mogbazar_S12712,422,JU_SAVAR,,BTTB_IPCORE_NE80E_A,123.49.60.209,
Mogbazar_S12712,424,.BD/.Bangla,"GE1/0/12,GE1/0/15,GE1/0/16",,,
Mogbazar_S12712,431,RAB-UTTARA,,BTTB_IPCORE_NE80E_A,123.49.51.89,
Mogbazar_S12712,433,GPO_Airport,,,,
Mogbazar_S12712,446,BD-HUB-Secondary,,,,
Mogbazar_S12712,451,Dhaka_div_comm,,BTTB_IPCORE_NE80E_A,123.49.52.5,
Mogbazar_S12712,455,SSF,,BTTB_IPCORE_NE80E_A,123.49.50.153,
Mogbazar_S12712,456,PMO,,BTTB_IPCORE_NE80E_A,203.112.223.85,
Mogbazar_S12712,457,GonoBhaban,,BTTB_IPCORE_NE80E_A,123.49.51.9,
Mogbazar_S12712,458,Next_Online,,,,
Mogbazar_S12712,459,BD-HUB-GUL,XGE4/0/46,,,
Mogbazar_S12712,460,Bracnet_Internet,,,,
Mogbazar_S12712,480,City_North_sayeda,,BTTB_IPCORE_NE80E_A,123.49.53.33,
Mogbazar_S12712,496,Aamra-Technologies,,,,
Mogbazar_S12712,497,Radiant-OTR,,BTTB_IPCORE_NE80E_A,123.49.4.73,
Mogbazar_S12712,602,City_NET,,BTTB_IPCORE_NE80E_A,180.211.205.1,
Mogbazar_S12712,611,BTCL_DashBoard,,BTTB_IPCORE_NE80E_B,123.49.12.49,
Mogbazar_S12712,651,DUET,,BTTB_IPCORE_NE80E_A,123.49.60.245,
Mogbazar_S12712,652,agri_uni_salna,,BTTB_IPCORE_NE80E_A,123.49.60.81,
Mogbazar_S12712,680,DESCO,,BTTB_IPCORE_NE80E_A,123.49.0.89,
Mogbazar_S12712,690,RAB_2nd_link,,BTTB_IPCORE_NE80E_A,123.49.60.121,
Mogbazar_S12712,701,Jute_Research,,,,
Mogbazar_S12712,702,Perliement,,BTTB_IPCORE_NE80E_A,123.49.2.101,
Mogbazar_S12712,703,ERD,,BTTB_IPCORE_NE80E_A,123.49.60.157,
Mogbazar_S12712,704,BBS,,BTTB_IPCORE_NE80E_A,203.112.222.13,
Mogbazar_S12712,706,Forest_Finance_Dept,,BTTB_IPCORE_NE80E_A,123.49.2.189,
Mogbazar_S12712,707,Soil_Dept_SBN,,BTTB_IPCORE_NE80E_A,123.49.2.73,
Mogbazar_S12712,708,Deltasoft,XGE4/0/17,BTTB_IPCORE_NE80E_A,"123.49.4.153 ,123.49.4.157",
Mogbazar_S12712,730,Nazrul_institute,,BTTB_IPCORE_NE80E_A,123.49.52.209,
Mogbazar_S12712,731,Space_Marketing_Dhanmondi,,BTTB_IPCORE_NE80E_A,123.49.53.157,
Mogbazar_S12712,736,Planning-Commission,,BTTB_IPCORE_NE80E_A,123.49.3.153,
Mogbazar_S12712,750,Small_farmer_Kawran,,BTTB_IPCORE_NE80E_A,123.49.53.177,
Mogbazar_S12712,751,janata_traders,,BTTB_IPCORE_NE80E_A,123.49.53.189,
Mogbazar_S12712,752,Net_link_kawranBazar,,,,
Mogbazar_S12712,753,BERC,,BTTB_IPCORE_NE80E_A,123.49.53.229,
Mogbazar_S12712,754,Jamuna_Oil,,BTTB_IPCORE_NE80E_A,123.49.49.41,
Mogbazar_S12712,780,BEPZA,,BTTB_IPCORE_NE80E_A,123.49.53.221,
Mogbazar_S12712,790,BGB_Mounshi_Abdur_Rouf_College,,BTTB_IPCORE_NE80E_A,"123.49.49.97 ,123.49.49.165",
Mogbazar_S12712,800,Ansar_VDP,,BTTB_IPCORE_NE80E_A,123.49.52.177,
Mogbazar_S12712,801,City_North_Khil,,,,
Mogbazar_S12712,831,MohonaTV,,,,
Mogbazar_S12712,832,National_Zoo,,BTTB_IPCORE_NE80E_A,123.49.60.185,
Mogbazar_S12712,833,DO2ORS_Mirpur,,,,
Mogbazar_S12712,834,Navy_police,,BTTB_IPCORE_NE80E_A,123.49.52.113,
Mogbazar_S12712,835,ADVANCED-NETWORK-LTD-PALL,,BTTB_IPCORE_NE80E_A,123.49.52.121,
Mogbazar_S12712,836,Mohsin-Khan-Brick-Field,,BTTB_IPCORE_NE80E_A,123.49.52.125,
Mogbazar_S12712,838,Orange_Comm,,BTTB_IPCORE_NE80E_A,123.49.4.1,
Mogbazar_S12712,861,SKYBD,,,,
Mogbazar_S12712,862,Drik_Alokchitra_Granthagar,,,,
Mogbazar_S12712,869,BTMC_internet,,,,
Mogbazar_S12712,870,BPC,,,,
Mogbazar_S12712,871,Join_stock_Compaqny,,BTTB_IPCORE_NE80E_A,123.49.60.197,
Mogbazar_S12712,872,Titas,,BTTB_IPCORE_NE80E_A,123.49.60.177,
Mogbazar_S12712,873,Family_planning,,,,
Mogbazar_S12712,874,ICT_incubator,,BTTB_IPCORE_NE80E_A,123.49.0.57,
Mogbazar_S12712,875,WASA,,BTTB_IPCORE_NE80E_A,123.49.52.53,
Mogbazar_S12712,878,NIET_Kawranbazar,,SBN-AR-NE40E-042,180.211.159.45,
Mogbazar_S12712,880,City_corp_Azimpur,,BTTB_IPCORE_NE80E_A,123.49.53.29,
Mogbazar_S12712,881,Badrunnesa_College,,BTTB_IPCORE_NE80E_A,123.49.60.169,
Mogbazar_S12712,882,BAEC_Shahbag,,BTTB_IPCORE_NE80E_A,123.49.60.29,
Mogbazar_S12712,883,BDR,,,,
Mogbazar_S12712,884,EDEN_College,,BTTB_IPCORE_NE80E_A,123.49.60.237,
Mogbazar_S12712,885,NAEM,,BTTB_IPCORE_NE80E_A,123.49.60.53,
Mogbazar_S12712,886,Quest-Int-Pet,,BTTB_IPCORE_NE80E_A,123.49.3.129,
Mogbazar_S12712,888,Abhawa 101 mbps,,,,
Mogbazar_S12712,890,Atomic_Energy_Com,,BTTB_IPCORE_NE80E_A,123.49.60.113,
Mogbazar_S12712,891,Atomic_Energy_Com,,,,
Mogbazar_S12712,892,UGC_internet,,BTTB_IPCORE_NE80E_A,123.49.60.113,
Mogbazar_S12712,893,MRP-MRV Project,,BTTB_IPCORE_NE80E_A,123.49.51.153,
Mogbazar_S12712,894,DTE,,BTTB_IPCORE_NE80E_A,123.49.52.25,
Mogbazar_S12712,895,BD_Atomic_EC,,BTTB_IPCORE_NE80E_A,123.49.52.41,
Mogbazar_S12712,898,BdREN,,BTTB_IPCORE_NE80E_A,123.49.1.241,
Mogbazar_S12712,902,BTCL_SBN_IPTV_Test,,BTTB_IPCORE_NE80E_A,123.49.53.125,
Mogbazar_S12712,904,PM-Edu-Trust,,,,
Mogbazar_S12712,906,National_Archeology,,BTTB_IPCORE_NE80E_A,123.49.53.69,
Mogbazar_S12712,913,PSC_agargoan,,BTTB_IPCORE_NE80E_A,123.49.2.21,
Mogbazar_S12712,914,BTTB_Billing,,BTTB_IPCORE_NE80E_A,123.49.2.81,
Mogbazar_S12712,916,Ministar_plok_ICT,,BTTB_IPCORE_NE80E_A,123.49.2.117,
Mogbazar_S12712,917,BICC_internet,,BTTB_IPCORE_NE80E_A,"123.49.53.17 , 123.49.53.117",
Mogbazar_S12712,918,BTCL_Ledger_management,,,,
Mogbazar_S12712,919,System-Mgr-Election-comm,,BTTB_IPCORE_NE80E_A,123.49.60.153,
Mogbazar_S12712,920,BD_Betar_agargoan,,BTTB_IPCORE_NE80E_A,123.49.49.57,
Mogbazar_S12712,921,SBN-NOC,,BTTB_IPCORE_NE80E_A,123.49.38.81,
Mogbazar_S12712,922,Certifying_Authority_BCC,,BTTB_IPCORE_NE80E_A,123.49.38.89,
Mogbazar_S12712,924,209 network,,,,
Mogbazar_S12712,925,TELETALK-GPRS-Link,,,,
Mogbazar_S12712,926,GPO,,BTTB_IPCORE_NE80E_A,123.49.52.249,
Mogbazar_S12712,927,BICM_Segunbaghicha,,BTTB_IPCORE_NE80E_A,123.49.53.73,
Mogbazar_S12712,928,Urban_health_city_south,,BTTB_IPCORE_NE80E_A,123.49.53.165,
Mogbazar_S12712,929,Juba_Unnayan_Motijeel,,,,
Mogbazar_S12712,931,Mental_hospital,,BTTB_IPCORE_NE80E_A,123.49.53.153,
Mogbazar_S12712,932,probeen_hitoishee,,BTTB_IPCORE_NE80E_A,123.49.53.173,
Mogbazar_S12712,933,Dept_Forest,,BTTB_IPCORE_NE80E_A,123.49.53.201,
Mogbazar_S12712,934,National_Library,,BTTB_IPCORE_NE80E_A,123.49.49.125,
Mogbazar_S12712,935,NBR_2nd_test130417,,,,
Mogbazar_S12712,937,A2I_BBS_IFB,,BTTB_IPCORE_NE80E_A,123.49.2.181,
Mogbazar_S12712,945,PWD_EXEN_city,,BTTB_IPCORE_NE80E_A,123.49.49.21,
Mogbazar_S12712,946,PWD_Dhaka_div-1,,BTTB_IPCORE_NE80E_A,123.49.49.53,
Mogbazar_S12712,947,CP_int_TRBL,,BTTB_IPCORE_NE80E_A,123.49.49.85,
Mogbazar_S12712,953,DTE_@nd_Link,,,,
Mogbazar_S12712,954,Bgov_internet,,,,
Mogbazar_S12712,955,Police_HQ,,,,
Mogbazar_S12712,956,City_Cable,,BTTB_IPCORE_NE80E_A,123.49.52.45,
Mogbazar_S12712,957,Data_Edge,,BTTB_IPCORE_NE80E_A,123.49.60.225,
Mogbazar_S12712,958,BangladeshBank,,BTTB_IPCORE_NE80E_A,123.49.60.217,
Mogbazar_S12712,959,BangaBhaban,,BTTB_IPCORE_NE80E_A,123.49.51.209,
Mogbazar_S12712,960,GoVT_Transport_Pool,,,,
Mogbazar_S12712,961,NCTB,,BTTB_IPCORE_NE80E_A,123.49.2.1,
Mogbazar_S12712,962,LGSP_2_Moti,,BTTB_IPCORE_NE80E_A,123.49.2.33,
Mogbazar_S12712,963,Security_Exchange_Commission,,BTTB_IPCORE_NE80E_A,"123.49.2.157 ,123.49.34.13",
Mogbazar_S12712,664,BCIC_2nd_Link,,,,
Mogbazar_S12712,965,BRTA_nagarBhaban,,BTTB_IPCORE_NE80E_A,123.49.53.205,
Mogbazar_S12712,966,Matrisadan_city_corp,,BTTB_IPCORE_NE80E_A,123.49.53.237,
Mogbazar_S12712,967,JAMUKA,,BTTB_IPCORE_NE80E_A,123.49.49.133,
Mogbazar_S12712,970,BANGLADESH SUPREME COURT,,BTTB_IPCORE_NE80E_A,"123.49.60.141 , 123.49.57.249",
Mogbazar_S12712,973,DG_edu,,BTTB_IPCORE_NE80E_A,203.112.223.53,
Mogbazar_S12712,975,CENTRAL_TAX_Survey,,BTTB_IPCORE_NE80E_A,123.49.49.101,
Mogbazar_S12712,980,Ministry_LAND_Motijeel,,BTTB_IPCORE_NE80E_A,123.49.52.65,
Mogbazar_S12712,981,Cabinet_Div_Internet,,BTTB_IPCORE_NE80E_A,123.49.52.229,
Mogbazar_S12712,982,Nagar_Bahaban,,BTTB_IPCORE_NE80E_A,123.49.53.9,
Mogbazar_S12712,983,GPO_sadarghat,,,,
Mogbazar_S12712,984,Tax-13_paltan,,BTTB_IPCORE_NE80E_A,123.49.49.5,
Mogbazar_S12712,985,Sadharan_bima,,BTTB_IPCORE_NE80E_A,123.49.49.13,
Mogbazar_S12712,1001,for_MOG_DSL_PPPOE_H01,,,,
Mogbazar_S12712,1002,for_MOG_DSL_PPPOE_H02,,,,
Mogbazar_S12712,1003,for_MOG_DSL_PPPOE_H03,,,,
Mogbazar_S12712,1009,For_GUL_A_PPPoE_H01,,,,
Mogbazar_S12712,1014,BTCL-2FL-WiFi,,,,
Mogbazar_S12712,1017,RAM_PPPoE_A_H01,,,,
Mogbazar_S12712,1018,RAM_PPPoE_A_H02,,,,
Mogbazar_S12712,1019,RAM_PPPoE_A_H03,,,,
Mogbazar_S12712,1020,RAM_PPPoE_B_H01,,,,
Mogbazar_S12712,1021,RAM_PPPoE_B_H02,,,,
Mogbazar_S12712,1023,SAY_PPPoE_H01,,,,
Mogbazar_S12712,1024,SAY_PPPoE_H02,,,,
Mogbazar_S12712,1035,For_UTT_PPPoE_H01,,,,
Mogbazar_S12712,1036,For_UTT_PPPoE_H02,,,,
Mogbazar_S12712,1037,For_UTT_PPPoE_H03,,,,
Mogbazar_S12712,1041,SBN_PPPoE_A_H01,,,,
Mogbazar_S12712,1042,SBN_PPPoE_A_H02,,,,
Mogbazar_S12712,1043,SBN_PPPoE_A_H03,,,,
Mogbazar_S12712,1044,SBN_PPPoE_B_H01,,,,
Mogbazar_S12712,1051,DG Food,,BTTB_IPCORE_NE80E_A,123.49.60.221,
Mogbazar_S12712,1052,Ministry_Of-Health,,BTTB_IPCORE_NE80E_A,123.49.60.149,
Mogbazar_S12712,1053,Min_Estab,,BTTB_IPCORE_NE80E_A,123.49.60.253,
Mogbazar_S12712,1061,CAN_PPPoE_H01,,,,
Mogbazar_S12712,1062,CAN_PPPoE_H02,,,,
Mogbazar_S12712,1064,MIR_PPPoE_H01,,,,
Mogbazar_S12712,1065,MIR_PPPoE_H02,,,,
Mogbazar_S12712,1073,CHA_PPPoE_H01,,,,
Mogbazar_S12712,1074,CHA_PPPoE_H02,,,,
Mogbazar_S12712,1085,Teletal;k 3G,,BTTB_IPCORE_NE80E_A,123.49.0.1,
Mogbazar_S12712,1095,For_GAZ_PPPoE_H01,,,,
Mogbazar_S12712,1096,For_SAV_PPPoE_H01,,,,
Mogbazar_S12712,1100,KT_DSLAM:For Management-NOC,,,,
Mogbazar_S12712,1126,MSAN-Petrobangla,,,,
Mogbazar_S12712,1548,VLAN 1548,,,,
Mogbazar_S12712,1555,VLAN 1555,,,,
Mogbazar_S12712,2008,TNDP_GPON,,,,
Mogbazar_S12712,2499,ALways_On,,,,
Mogbazar_S12712,2502,Aamra_VPN_gopalgonj,,,,
Mogbazar_S12712,2504,Amra_VPN_NID,,,,
Mogbazar_S12712,2608,Parliament_MPLS,GE1/0/11,,,
Mogbazar_S12712,2631,SB_VPN,GE2/0/10,,,
Mogbazar_S12712,2648,comilla_Online_VPN,,,,
Mogbazar_S12712,2651,Metronet_MPLS_Syl,,,,
Mogbazar_S12712,2652,Metronet_MPLS_Kln,,,,
Mogbazar_S12712,2653,Metro_net_MPLS_Ranga,,,,
Mogbazar_S12712,2654,Metro_net_MPLS_Kustia,,,,
Mogbazar_S12712,2655,Metro_net_MPLS_Pabna,,,,
Mogbazar_S12712,2656,Metro_net_MPLS_Faridpur,,,,
Mogbazar_S12712,2657,Metro_net_MPLS_Moulovibaz,,,,
Mogbazar_S12712,2658,Metro_net_MPLS_khagrachh,,,,
Mogbazar_S12712,2659,Metro_net_MPLS_Bogra,,,,
Mogbazar_S12712,2660,Metro_net_MPLS_Barishal,,,,
Mogbazar_S12712,2661,Metro_net_MPLS_Feni,,,,
Mogbazar_S12712,2662,Metro_net_MPLS_jessore,,,,
Mogbazar_S12712,2663,Metro_net_MPLS_chuadanga,,,,
Mogbazar_S12712,2664,Metro_net_MPLS_Chandpur,,,,
Mogbazar_S12712,2665,Metro_net_MPLS_Noagoan,,,,
Mogbazar_S12712,2666,Metro_net_MPLS_Gaibandha,,,,
Mogbazar_S12712,2667,Metro_net_MPLS_Tangail,,,,
Mogbazar_S12712,2668,Metro_net_MPLS_Rangpur,,,,
Mogbazar_S12712,2669,Metro_net_MPLS_sherpur,,,,
Mogbazar_S12712,2670,Metro_net_MPLS_Rajbari,,,,
Mogbazar_S12712,2671,Metro_net_MPLS_meherpur,,,,
Mogbazar_S12712,2672,Metro_net_MPLS_hobigonj,,,,
Mogbazar_S12712,2673,Metro_net_MPLS_mymensingh,,,,
Mogbazar_S12712,2674,Metro_net_MPLS_dinajpur,,,,
Mogbazar_S12712,2676,Metro_net_MPLS_comilla,,,,
Mogbazar_S12712,2677,Metro_net_MPLS_ngonj,GE3/0/24,,,
Mogbazar_S12712,2681,Metronet_manikgonj,,,,
Mogbazar_S12712,2684,metronet_Gazipur,GE3/0/2,,,
Mogbazar_S12712,2685,Mogbazar-DEPZ-Savar_MPLS,GE3/0/6,,,
Mogbazar_S12712,2701,GM_OTR_Internet,,,,
Mogbazar_S12712,2770,Race_onlne_khulna,,,,
Mogbazar_S12712,2771,Race_onlne_agrabad,,,,
Mogbazar_S12712,2772,Race_onlne_feni,,,,
Mogbazar_S12712,2790,BBTS-DHK_MOG-Mymensin,,,,
Mogbazar_S12712,2791,BBTS_Sylhet-Dhk_Mog_Ext,,,,
Mogbazar_S12712,2792,BBTS_Sylhet-Dhk_Mog,,,,
Mogbazar_S12712,2793,BBTS-DHK_MOG-Naray_Sid_VPN,,,,
Mogbazar_S12712,2795,BBTS_Comilla-Dhk_Mog,,,,
Mogbazar_S12712,2796,BBTS_Comilla-Dhk_Mog_Ext,,,,
Mogbazar_S12712,2797,BBTS_Tangail_VPN,,,,
Mogbazar_S12712,2999,TNDP_U2000 NMS_Server,,,,
Mogbazar_S12712,3100,SASEC_VPN,,,,
Mogbazar_S12712,3101,SASEC_RN,,,,
Mogbazar_S12712,3205,rangs_IT_Faridpur,,,,
Mogbazar_S12712,3208,RangsIT_Faridpur_test,,,,
Mogbazar_S12712,3401,ISN_VPN_ngonj,,,,
Mogbazar_S12712,3402,ISN_VPN_khulna,,,,
Mogbazar_S12712,3403,ISN_VPN_ctg,,,,
Mogbazar_S12712,3404,ISN_gazipur,,,,
Mogbazar_S12712,3406,ISN_VPN_gazipur,,,,
Mogbazar_S12712,3407,ISN_VPN_khulna**DHK,,,,
Mogbazar_S12712,3530,bk_online*,,,,
Mogbazar_S12712,3701,Level3-outside-Dhaka,,,,
Mogbazar_S12712,3702,Level3-outside-Dhaka,,,,
Mogbazar_S12712,3703,ctg_online_agra,,,,
Mogbazar_S12712,3704,Paradise technologies Ltd,,,,
Mogbazar_S12712,3705,Link3_IP_BW_natiobn,,,,
Mogbazar_S12712,3780,test_gul,,,,
Mogbazar_S12712,3980,Test_Exam,,,,
Mogbazar_S12712,3981,Test_Exam_2,,,,
Mogbazar_S12712,3999,MSAN_MANAGEMENT,,,,
Mogbazar_S12712,4000,For_DSLAM_Mangement,,,,
Mogbazar_S12712,4001,For_Management_Telenet_Vlan,,BTTB_IPCORE_NE80E_A,123.49.13.77,
Mogbazar_S12712,4003,For_AAA_connection,,,,
Mogbazar_S12712,4004,For_XDSL_internet_connection,,,"123.49.13.130 , 123.49.12.61",
Mogbazar_S12712,4015,TNDP-ADSL-EMS-To-SBN,,,,
Mogbazar_S12712,4021,DPI-1,,,,
Mogbazar_S12712,4022,DPI-2,,,,
Mogbazar_S12712,4023,DPI-3,,,,
Mogbazar_S12712,4024,DPI-4,,,,
Mogbazar_S12712,4038,NGN-NTMC-Connectivity,,,,
Mogbazar_S12712,4094,BTCN-NOC-S9312MGNT,,,,
BTTB-SBN-S85-H01,10,BCC_Mgnt_VLAN,,,,
BTTB-SBN-S85-H01,21,VLAN 0021,,,,
BTTB-SBN-S85-H01,23,BCC-secon-IF,,SBN-AR-NE40E-042,180.211.160.189,
BTTB-SBN-S85-H01,45,Gonobhaban_SW_2700,,,45.45.45.1,
BTTB-SBN-S85-H01,96,BUET_Inernet,GigabitEthernet2/1/4,,,
BTTB-SBN-S85-H01,100,Cainet_VC_management,,,180.211.214.117,
BTTB-SBN-S85-H01,105,Grameen_Communications,,,,
BTTB-SBN-S85-H01,111,Dhaka University,,,,
BTTB-SBN-S85-H01,114,,,,,
BTTB-SBN-S85-H01,117,BUET,,,,
BTTB-SBN-S85-H01,119,BCC-DIITA,,,,
BTTB-SBN-S85-H01,123,BD_Com_Online_Limited,,,,
BTTB-SBN-S85-H01,126,GAL,,,,
BTTB-SBN-S85-H01,134,SAARC_MRC,,,,
BTTB-SBN-S85-H01,144,National_Parade_ground,,SBN-AR-NE40E-042,180.211.162.137,
BTTB-SBN-S85-H01,156,VLAN 0156,,,,
BTTB-SBN-S85-H01,163,INSOFT,,,,
BTTB-SBN-S85-H01,173,BUCT_Communication,,,,
BTTB-SBN-S85-H01,178,BSMMU,,,,
BTTB-SBN-S85-H01,190,SASEC_Internet,,,,
BTTB-SBN-S85-H01,201,InFos-Dmetro-data,,,,
BTTB-SBN-S85-H01,202,InFos-Dmetro-VC,,,,
BTTB-SBN-S85-H01,203,InFos-Dmetro-nms,,,,
BTTB-SBN-S85-H01,206,Bd_betar,,,180.211.158.21,
BTTB-SBN-S85-H01,207,InFos-Pol-Int-Conne,,,,
BTTB-SBN-S85-H01,208,Film and archive,,SBN-AR-NE40E-042,180.211.158.193,
BTTB-SBN-S85-H01,210,Wasa_Dhaka_Lalmtia,,SBN-AR-NE40E-042,180.211.135.37,
BTTB-SBN-S85-H01,220,GTCL_IFB,,,,
BTTB-SBN-S85-H01,312,DPME,,SBN-AR-NE40E-042,180.211.134.133,
BTTB-SBN-S85-H01,314,Police__staff_,,SBN-AR-NE40E-042,180.211.134.93,
BTTB-SBN-S85-H01,344,Proshika-System-Computer-Trust,,,,
BTTB-SBN-S85-H01,406,Invest_Dev_Authority,,SBN-AR-NE40E-042,180.211.158.153,
BTTB-SBN-S85-H01,408,*GTCL_IFB,,,,
BTTB-SBN-S85-H01,409,VLAN 0409,,,,
BTTB-SBN-S85-H01,410,Zx_online,,,,
BTTB-SBN-S85-H01,412,election_training_Institute,,SBN-AR-NE40E-042,180.211.158.201,
BTTB-SBN-S85-H01,455,SSF,,,,
BTTB-SBN-S85-H01,456,PMO,,,,
BTTB-SBN-S85-H01,457,GonoBhaban,,,,
BTTB-SBN-S85-H01,480,Access_tel_Kawran,,,,
BTTB-SBN-S85-H01,608,DS_blue_eco_cell_Kawran_bzr,,SBN-AR-NE40E-042,180.211.158.197,
BTTB-SBN-S85-H01,609,software_tech_park_janata_tow,,SBN-AR-NE40E-042,180.211.158.245,
BTTB-SBN-S85-H01,610,DD_BRDB,,SBN-AR-NE40E-042,180.211.158.33,
BTTB-SBN-S85-H01,701,Jute_Research,GigabitEthernet2/1/20,,,
BTTB-SBN-S85-H01,702,Perlament,GigabitEthernet2/1/21,,,
BTTB-SBN-S85-H01,703,ERD,GigabitEthernet1/1/15,,,
BTTB-SBN-S85-H01,704,BBS,GigabitEthernet1/1/18,SBN-AR-NE40E-042,180.211.162.25,
BTTB-SBN-S85-H01,705,Cotton_Development_Board,Ethernet3/1/11,SBN-AR-NE40E-042,180.211.159.33,
BTTB-SBN-S85-H01,706,Forest_Finance_Dept,Ethernet6/1/5,,,
BTTB-SBN-S85-H01,707,Soil_dept_SBN,Ethernet6/1/6,,,
BTTB-SBN-S85-H01,708,Deltasoft_sbn,,,,
BTTB-SBN-S85-H01,709,BDCOM_SBN,,,,
BTTB-SBN-S85-H01,730,nazrul_academy_dhanmondi,,,,
BTTB-SBN-S85-H01,731,Space_marketing_dhanmondi,,,,
BTTB-SBN-S85-H01,736,Planning-commission,GigabitEthernet1/1/16,,,
BTTB-SBN-S85-H01,750,Small_Farmer_Kawran,,,,
BTTB-SBN-S85-H01,751,Janata_traders,,,,
BTTB-SBN-S85-H01,752,Net_link_KawraanBazar,,,,
BTTB-SBN-S85-H01,753,BERC,,,,
BTTB-SBN-S85-H01,754,Jamuna_Oil,,,,
BTTB-SBN-S85-H01,780,BEPZA,,,,
BTTB-SBN-S85-H01,790,BGB_Mounshi_Abdur_Rouf_College,,,,
BTTB-SBN-S85-H01,831,National_Harberium_Mirpur,,,,
BTTB-SBN-S85-H01,832,E_NET,,,,
BTTB-SBN-S85-H01,834,E-BANGLA-LTD,,,,
BTTB-SBN-S85-H01,835,ADVANCED-NETWORK-LTD-PALL,,,,
BTTB-SBN-S85-H01,836,Mohsin-Khan-Brick-Field,,,,
BTTB-SBN-S85-H01,838,Orange_Comm,,,,
BTTB-SBN-S85-H01,850,United_Intl__University,,SBN-AR-NE40E-042,180.211.162.93,
BTTB-SBN-S85-H01,862,Drik_Alokchitra_Granthagar,,,,
BTTB-SBN-S85-H01,869,Dep_Jute,,,,
BTTB-SBN-S85-H01,870,BPC,,,,
BTTB-SBN-S85-H01,871,Join_stock_company,,,,
BTTB-SBN-S85-H01,872,Titas,,,,
BTTB-SBN-S85-H01,873,Family_planning,,,,
BTTB-SBN-S85-H01,874,ICT_Incubator,,,,
BTTB-SBN-S85-H01,875,WASA,,,,
BTTB-SBN-S85-H01,876,BSEC,,SBN-AR-NE40E-042,180.211.162.49,
BTTB-SBN-S85-H01,877,ATN_Bangla,,SBN-AR-NE40E-042,180.211.162.145,
BTTB-SBN-S85-H01,878,NIET_Karwranbazar,,SBN-AR-NE40E-042,180.211.159.45,
BTTB-SBN-S85-H01,879,EXclu_Econo_Zone_authorithy,,SBN-AR-NE40E-042,180.211.159.77,
BTTB-SBN-S85-H01,880,City_corp_Azimpur,,,,
BTTB-SBN-S85-H01,881,Badrunnesa_College,,,,
BTTB-SBN-S85-H01,882,BAEC_Shahbag,,,,
BTTB-SBN-S85-H01,883,BDR,,,,
BTTB-SBN-S85-H01,884,EDEN,,,,
BTTB-SBN-S85-H01,885,NAEM,,,,
BTTB-SBN-S85-H01,886,Quest-Int-Pet,,,,
BTTB-SBN-S85-H01,887,BCS_admin_Academy,,,,
BTTB-SBN-S85-H01,888,Abhawa 101 mbps,,,,
BTTB-SBN-S85-H01,890,Atomic_Energy_Com,,,,
BTTB-SBN-S85-H01,891,LGED,GigabitEthernet2/1/22,,,
BTTB-SBN-S85-H01,892,UGC_Internet,GigabitEthernet2/1/24,SBN-AR-NE40E-042,180.211.206.49,
BTTB-SBN-S85-H01,893,MRP-MRV Project,,,,
BTTB-SBN-S85-H01,894,DTE,,,,
BTTB-SBN-S85-H01,895,BD_Atomic_EC,,,,
BTTB-SBN-S85-H01,896,TEB,Ethernet3/1/17,SBN-AR-NE40E-042,180.211.162.101,
BTTB-SBN-S85-H01,897,Directorate of Environment,Ethernet3/1/16,SBN-AR-NE40E-042,180.211.162.117,
BTTB-SBN-S85-H01,898,UGC-BdREN,,,,
BTTB-SBN-S85-H01,899,Information_Commission,Ethernet3/1/20,SBN-AR-NE40E-042,180.211.162.97,
BTTB-SBN-S85-H01,901,National_Archive,Ethernet3/1/15,SBN-AR-NE40E-042,180.211.162.125,
BTTB-SBN-S85-H01,902,BTCL_SBN_IPTV_Test,Ethernet3/1/4,,,
BTTB-SBN-S85-H01,903,NICVD,Ethernet3/1/8,SBN-AR-NE40E-042,180.211.162.201,
BTTB-SBN-S85-H01,904,DIRECTORATE-OF-LIVESTOCK,Ethernet3/1/9,SBN-AR-NE40E-042,180.211.162.181,
BTTB-SBN-S85-H01,905,Sr.Asst.Secy-StatisticsDiv,GigabitEthernet2/1/11,SBN-AR-NE40E-042,180.211.162.149,
BTTB-SBN-S85-H01,906,National_Archeology,Ethernet6/1/14,,,
BTTB-SBN-S85-H01,907,Super_enggr_LGED_BCC,Ethernet3/1/10,SBN-AR-NE40E-042,180.211.159.1,
BTTB-SBN-S85-H01,908,BARC_tvsl,,SBN-AR-NE40E-042,180.211.159.5,
BTTB-SBN-S85-H01,909,SRDI-TecValley,,SBN-AR-NE40E-042,180.211.159.9,
BTTB-SBN-S85-H01,910,BJRI_tech_velly,Ethernet3/1/6,SBN-AR-NE40E-042,180.211.159.13,
BTTB-SBN-S85-H01,911,BARC,Ethernet3/1/7,SBN-AR-NE40E-042,180.211.159.37,
BTTB-SBN-S85-H01,912,Ministry_of_defeence,GigabitEthernet0/3/1,SBN-AR-NE40E-042,180.211.159.81,
BTTB-SBN-S85-H01,913,PSC_agargoan,Ethernet6/1/3,,,
BTTB-SBN-S85-H01,914,BTTB_Billing,GigabitEthernet0/2/2,,,
BTTB-SBN-S85-H01,915,krishi_biponon,Ethernet6/1/2,SBN-AR-NE40E-042,180.211.159.169,
BTTB-SBN-S85-H01,916,Min_Polok_ICT,Ethernet6/1/8,,,
BTTB-SBN-S85-H01,917,BICC_Internet,Ethernet8/1/1 Ethernet8/1/16,,,
BTTB-SBN-S85-H01,918,BTCL_Ledger_management,GigabitEthernet0/1/2,,,
BTTB-SBN-S85-H01,919,Election-Commision,Ethernet3/1/19,SBN-AR-NE40E-042,180.211.162.185,
BTTB-SBN-S85-H01,920,BD_Betar_agargoan,GigabitEthernet2/1/12,,,
BTTB-SBN-S85-H01,921,SBN-NOC,GigabitEthernet1/1/1,,,
BTTB-SBN-S85-H01,922,Certifying_Authority_BCC,GigabitEthernet1/1/3,,,
BTTB-SBN-S85-H01,923,bd_Hi-Tech-Park_Authority,,SBN-AR-NE40E-042,180.211.135.117,
BTTB-SBN-S85-H01,930,Islamic_Foundation,,SBN-AR-NE40E-042,180.211.162.161,
BTTB-SBN-S85-H01,931,Mental_hospital,,,,
BTTB-SBN-S85-H01,932,probeen_hitoishee,,,,
BTTB-SBN-S85-H01,933,Forest_dept,,,,
BTTB-SBN-S85-H01,934,National_Library_agar,,,,
BTTB-SBN-S85-H01,937,A2I_BBS_IFB,,,,
BTTB-SBN-S85-H01,951,EC_IFB,,SBN-AR-NE40E-042,180.211.159.41,
BTTB-SBN-S85-H01,952,A2I_BBS,Ethernet3/1/14,,,
BTTB-SBN-S85-H01,953,DTE_@nd_link,Ethernet6/1/7,,,
BTTB-SBN-S85-H01,954,BGov_Internet,,,,
BTTB-SBN-S85-H01,955,VLAN 0955,,,,
BTTB-SBN-S85-H01,1041,VLAN 0955,,,,
BTTB-SBN-S85-H01,1042,SBN_PPPoE_A_H02,,,,
BTTB-SBN-S85-H01,1043,SBN_PPPoE_A_H03,,,,
BTTB-SBN-S85-H01,1044,SBN_PPPoE_B_H01,,,,
BTTB-SBN-S85-H01,1045,SBN_PPPoE_B_H02,,,,
BTTB-SBN-S85-H01,1064,MIR_PPPoE_H01,,,,
BTTB-SBN-S85-H01,1065,MIR_PPPoE_H02,,,,
BTTB-SBN-S85-H01,1067,NIL_PPPoE_A_H01,,,,
BTTB-SBN-S85-H01,1068,NIL_PPPoE_A_H02,,,,
BTTB-SBN-S85-H01,1069,VLAN 1069,,,,
BTTB-SBN-S85-H01,1070,NIL_PPPoE_B_H01,,,,
BTTB-SBN-S85-H01,1119,S_Hospiteal,GigabitEthernet1/1/19,SBN-AR-NE40E-042,180.211.162.253,
BTTB-SBN-S85-H01,1120,Banngla_Comp_Council,GigabitEthernet1/1/20,SBN-AR-NE40E-042,180.211.162.69,
BTTB-SBN-S85-H01,1121,MSAN-ADSL-Service-VLAN-IDB,,,,
BTTB-SBN-S85-H01,1126,service-for-petrobangla-adsl,,,,
BTTB-SBN-S85-H01,1153,PMO_DSLAM,,,,
BTTB-SBN-S85-H01,1300,PPPoE_SBN_OLT,,,,
BTTB-SBN-S85-H01,1441,VLAN 1441,,,,
BTTB-SBN-S85-H01,1500,VLAN 1500,,,,
BTTB-SBN-S85-H01,1510,BCC_PSC_VPN*,GigabitEthernet2/1/14,,,
BTTB-SBN-S85-H01,1511,BCC_Islamic_foundation_VPN,GigabitEthernet2/1/23,,,
BTTB-SBN-S85-H01,1515,VLAN 1515,GigabitEthernet0/3/3,,,
BTTB-SBN-S85-H01,1516,VLAN 1516,,,,
BTTB-SBN-S85-H01,1522,BCC_Parliament_VPN,GigabitEthernet1/1/12,,,
BTTB-SBN-S85-H01,1523,BCC_PMO_Res_VPN,GigabitEthernet1/1/13,,,
BTTB-SBN-S85-H01,1524,BCC_novo_VPN,GigabitEthernet1/1/5,,,
BTTB-SBN-S85-H01,1525,BCC_BRTA_VPN,GigabitEthernet1/1/11,,,
BTTB-SBN-S85-H01,1526,BCC_BNFE_VPN,,,,
BTTB-SBN-S85-H01,1530,BCC_SSF_VPN,,,,
BTTB-SBN-S85-H01,1531,BCC_pmo_VPN,,,,
BTTB-SBN-S85-H01,1532,BCC_DAM_VPN,GigabitEthernet1/1/6,,,
BTTB-SBN-S85-H01,1534,BCC_Livestock_VPN,GigabitEthernet1/1/7,,,
BTTB-SBN-S85-H01,1536,BCC_DAE_VPN,GigabitEthernet1/1/8,,,
BTTB-SBN-S85-H01,1537,BCC_AIs_VPN,GigabitEthernet1/1/9,,,
BTTB-SBN-S85-H01,1551,BCC_RHD_VPN,,,,
BTTB-SBN-S85-H01,1601,S_Tower_RAGW,,SBN-AR-NE40E-042,10.100.1.65,
BTTB-SBN-S85-H01,1602,S_Tower_RAGW_2,,SBN-AR-NE40E-042,10.200.1.65,
BTTB-SBN-S85-H01,1610,BCC_Defence_VPN,GigabitEthernet0/3/2,,,
BTTB-SBN-S85-H01,1622,BCC_Land_record_VPN,GigabitEthernet0/3/4,,,
BTTB-SBN-S85-H01,1629,BCC_Non_govt_teacher_VPN,,,,
BTTB-SBN-S85-H01,2001,DU-NIX,,,,
BTTB-SBN-S85-H01,2013,Meteorological_dept,,SBN-AR-NE40E-042,180.211.162.165,
BTTB-SBN-S85-H01,2016,PD_NHD_BBS,,SBN-AR-NE40E-042,180.211.158.225,
BTTB-SBN-S85-H01,2222,PM_Internet,,SBN-AR-NE40E-042,180.211.162.57,
BTTB-SBN-S85-H01,2500,ICC_Mirpur,,,,
BTTB-SBN-S85-H01,2504,Aamra_VPN_NID,,,,
BTTB-SBN-S85-H01,2600,BD_COM_MPLS,,,,
BTTB-SBN-S85-H01,2601,Cainet_MPLS,Ethernet6/1/4,,,
BTTB-SBN-S85-H01,2602,*Passport_MRP_MRV*,GigabitEthernet1/1/23,,,
BTTB-SBN-S85-H01,2603,VLAN 2603,GigabitEthernet1/1/10 Ethernet8/1/19,,,
BTTB-SBN-S85-H01,2604,DMP_Camera,,,,
BTTB-SBN-S85-H01,2605,DMP_MPLS,"Ethernet3/1/2 , Ethernet3/1/3",,,
BTTB-SBN-S85-H01,2607,BTCL_Revenue_mpls,,,,
BTTB-SBN-S85-H01,2608,Parliament_MPLS,Ethernet3/1/1,,,
BTTB-SBN-S85-H01,2610,Dric_ICT_MPLS,,,,
BTTB-SBN-S85-H01,2612,NGN_Billing,GigabitEthernet0/1/4,,,
BTTB-SBN-S85-H01,2615,Roads_Highway_MPLS,Ethernet6/1/11,,,
BTTB-SBN-S85-H01,2616,BIRDEM_Faridpur,,,,
BTTB-SBN-S85-H01,2630,RAB_VPN,,,,
BTTB-SBN-S85-H01,2631,SB_VPN,,,,
BTTB-SBN-S85-H01,2635,Police_CC_Camera_MPLS,,,,
BTTB-SBN-S85-H01,2636,BTCL_Billing_MPLS,,,,
BTTB-SBN-S85-H01,2639,BTCL_PCMS_OTR,,,,
BTTB-SBN-S85-H01,2700,BTTB-WAN-SBN,"GigabitEthernet0/1/1 , GigabitEthernet0/2/4",,,
BTTB-SBN-S85-H01,2728,BTCL_Revenue_VPN,"GigabitEthernet0/1/3 , Ethernet8/1/20",,,
BTTB-SBN-S85-H01,2729,BTCL_call_centre_VPN,"Ethernet6/1/10, Ethernet6/1/12",,,
BTTB-SBN-S85-H01,2730,btcl_bank_vpn,"Ethernet6/1/9 , Ethernet6/1/15",,,
BTTB-SBN-S85-H01,2791,KS_nil,,,,
BTTB-SBN-S85-H01,2999,U2000-NMS,,,,
BTTB-SBN-S85-H01,3101,SASEC_RN,,SBN-AR-NE40E-042,172.21.0.1,
BTTB-SBN-S85-H01,3111,Min_Finance_VPN,Ethernet3/1/12 Ethernet6/1/16,,,
BTTB-SBN-S85-H01,3131,BCC-DEpertment,,,,
BTTB-SBN-S85-H01,3132,BCC-MIn_VPN,,,,
BTTB-SBN-S85-H01,3133,BCC-Planning,,,,
BTTB-SBN-S85-H01,3134,BCC-DEPT(others)_VPN,,,,
BTTB-SBN-S85-H01,3453,ICC_comm_Bbaria_vpn,,,,
BTTB-SBN-S85-H01,3461,ICC_vpn_kustia-1,,,,
BTTB-SBN-S85-H01,3462,ICC_vpn_kustia-2,,,,
BTTB-SBN-S85-H01,3463,ICC_vpn_kustia-3,,,,
BTTB-SBN-S85-H01,3464,ICC_vpn_kustia-4,,,,
BTTB-SBN-S85-H01,3600,DG-Health-VC-vpn,,,,
BTTB-SBN-S85-H01,3901,VLAN 3901,,,,
BTTB-SBN-S85-H01,3962,VLAN 3962,,,,
BTTB-SBN-S85-H01,3965,VLAN 3965,,,,
BTTB-SBN-S85-H01,3992,VLAN 3992,,,,
BTTB-SBN-S85-H01,3998,Management_MSAN_CX300_SBN,,,,
BTTB-SBN-S85-H01,3999,PPPoE_Japan_Garden_City,,,,
BTTB-SBN-S85-H01,4000,VLAN 4000,,,,
BTTB-SBN-S85-H01,4002,4002,,,,
BTTB-SBN-S85-H01,4010,Switch_Mgmt_from_Info-Bahan,,,,
BTTB-SBN-S85-H01,4038,NGN-MOG-NTMC,,SBN-AR-NE40E-042,172.16.16.41,
BTTB-SBN-S85-H01,4039,RODTS-NTMC,GigabitEthernet0/2/3,SBN-AR-NE40E-042,172.16.16.33,
BTTB-SBN-S85-H01,4040,TNDP_IMS,GigabitEthernet0/2/1,SBN-AR-NE40E-042,172.16.16.17,
PETRO_VPN_SW,15,VLAN 0015,,,,
PETRO_VPN_SW,20,Bandorban_SW3550_Mngnt,,,,
PETRO_VPN_SW,55,VLAN 0055,,,,
PETRO_VPN_SW,100,Voice_JICA,,SBN-AR-NE40E-042,10.100.1.129,
PETRO_VPN_SW,150,rangamati_test,,,,
PETRO_VPN_SW,156,Access_tel_Kawran,GigabitEthernet0/0/4,,,
PETRO_VPN_SW,200,OAM_JICA,,SBN-AR-NE40E-042,10.200.1.129,
PETRO_VPN_SW,1472,JAnota_Tower_RAGW,,,,
PETRO_VPN_SW,1533,BCC_BSEC_VPN,GigabitEthernet2/0/9,,,
PETRO_VPN_SW,1535,BCC_WASA_VPN,GigabitEthernet2/0/5,,,
PETRO_VPN_SW,1538,BCC_BTMC_VPN,GigabitEthernet2/0/6,,,
PETRO_VPN_SW,1539,BCC_Petrobangla_VPN,GigabitEthernet2/0/15,,,
PETRO_VPN_SW,1540,BCC_FamilyPlanning_VPN,GigabitEthernet2/0/12,,,
PETRO_VPN_SW,1541,BCC_BRDB_VPN,GigabitEthernet2/0/10,,,
PETRO_VPN_SW,1542,BCC_HandLoomBoard_VPN,GigabitEthernet2/0/13,,,
PETRO_VPN_SW,1543,BCC_Dept_Textile_VPN,GigabitEthernet2/0/16,,,
PETRO_VPN_SW,1544,BCC_BERC_VPN,GigabitEthernet2/0/11,,,
PETRO_VPN_SW,1545,BCC_Joint_stock_VPN,GigabitEthernet2/0/14,,,
PETRO_VPN_SW,1546,BCC_TCB_VPN,GigabitEthernet2/0/7,,,
PETRO_VPN_SW,1547,BCC_EPB_VPN,GigabitEthernet2/0/8,,,
PETRO_VPN_SW,1590,BCC_CI_factori_VPN,GigabitEthernet0/0/3,,,
CX-IFB,11,Test_for_S9312,,,,
CX-IFB,23,BCC-secon,Ethernet2/0/2,,,
CX-IFB,113,PLANNING COMMISSION,,SBN-AR-NE40E-042,180.211.159.105,
CX-IFB,119,BCC-DIITA,,,,
CX-IFB,121,PWD division 2,,SBN-AR-NE40E-042,180.211.158.25,
CX-IFB,122,Cypher_Min_of_Defence,interface port 22,SBN-AR-NE40E-042,180.211.158.121,
CX-IFB,134,SAARC MRC,,,,
CX-IFB,201,InFos-Dmetro-data,,,,
CX-IFB,202,InFos-Dmetro-VC,,,,
CX-IFB,203,InFos-Dmetro-nms,,,,
CX-IFB,206,Bd betar,Ethernet2/0/6,SBN-AR-NE40E-042,180.211.158.21,
CX-IFB,220,GTCL_IFB,Ethernet4/0/1,,,
CX-IFB,406,Invest_Dev_Authority,Ethernet4/0/6,SBN-AR-NE40E-042,180.211.158.153,
CX-IFB,412,election training Institute,Ethernet4/0/12,,,
CX-IFB,876,BSEC_Agargaon,Ethernet4/0/14,,,
CX-IFB,893,MRP-MRV Project,,,,
CX-IFB,894,Directorate_Technical_Education,Ethernet2/0/5,,,
CX-IFB,895,BD_Atomic_EC,Ethernet2/0/10,,,
CX-IFB,896,*EC_IF,Ethernet4/0/10,,,
CX-IFB,919,Election-Commision,Ethernet4/0/10,,,
CX-IFB,923,Bd_Hi-tech_park_Authority,Ethernet4/0/16,,,
CX-IFB,930,Islamic_Foundation,Ethernet2/0/12,,,
CX-IFB,931,Mental_hospital,Ethernet2/0/14,,,
CX-IFB,932,Probeen_hitoishee,Ethernet2/0/7,,,
CX-IFB,933,Forest_dept,Ethernet4/0/15,,,
CX-IFB,934,National_Library_agar,Ethernet4/0/4,,,
CX-IFB,937,A2I_BBS_IFB,Ethernet2/0/4,,,
CX-IFB,951,EC-IFB,Ethernet2/0/8,,,
CX-IFB,2013,"Bd Meteorological Dept, Abhawa Bhaban",---- Ethernet2/0/13------------,,,
CX-IFB,2016,PD_NHD_BBS,Ethernet2/0/16,,,
CX-IFB,2501,NHD to NID,Ethernet2/0/11,,,
CX-IFB,2504,Amra_NID_VPN,,,,
CX-IFB,2603,Passport_MRP_VPN,,,,
CX-IFB,2630,RAB_VPN,Ethernet4/0/2,,,
CX-IFB,2631,SB-VPN,,,,
SBN_9312_TNDP_CDMA,15,To_Router_SBN_,,,,
SBN_9312_TNDP_CDMA,202,Dept_LandRecrd_Survey_Tejgaon,GE2/0/2,SBN-AR-NE40E-042,180.211.135.29,
SBN_9312_TNDP_CDMA,247,SPARSO,,,,
SBN_9312_TNDP_CDMA,410,Zx_Online,XGE4/0/10,,,
SBN_9312_TNDP_CDMA,708,Delta_Soft,XGE4/0/9,,,
SBN_9312_TNDP_CDMA,898,BDRen,,,,
SBN_9312_TNDP_CDMA,2001,BTCL-NIX,,,,
SBN_9312_TNDP_CDMA,2010,BIRTAN,GE2/0/10,SBN-AR-NE40E-042,180.211.135.113,
SBN_9312_TNDP_CDMA,2603,Passport_VPN,GE2/0/0,,,
SBN_9312_TNDP_CDMA,2700,BTTB_WAN_SBN,GE2/0/12,,,
SBN_9312_TNDP_CDMA,2799,BTCL_Cache,"GE2/0/8 , XGE4/0/11",,,
SBN_9312_TNDP_CDMA,3600,DG-Health-VC-vpn,GE2/0/6,,,
SBN_9312_TNDP_CDMA,3603,SB_DSB_Passport,GE2/0/4,,,
SBN_9312_TNDP_CDMA,4002,MGNT_VLAN,,,,
SECRETARIATE_S8508_switch,10,Moghb-IGR1-NE40E_011:VLAN10,,,,
SECRETARIATE_S8508_switch,11,Moghb-IGR2-NE40E_012:VLAN11,,,,
SECRETARIATE_S8508_switch,154,IRD_Internal_Resources_Div,Ethernet2/1/1,,,
SECRETARIATE_S8508_switch,155,SICT,Ethernet3/1/4,,,
SECRETARIATE_S8508_switch,211,PWD,Ethernet2/1/11,,,
SECRETARIATE_S8508_switch,213,DS_Ministry_of_home_affairs,Ethernet2/1/13,,,
SECRETARIATE_S8508_switch,219,min_of_labor_and_employment,Ethernet2/1/9 Ethernet2/1/12,,,
SECRETARIATE_S8508_switch,230,Min_Education_SrAsSec-Ad-2,Ethernet3/1/2,,,
SECRETARIATE_S8508_switch,231,MIN_LGRD_LGSP,Ethernet6/1/15,,,
SECRETARIATE_S8508_switch,232,Ministry_of_LAW,Ethernet2/1/6,,,
SECRETARIATE_S8508_switch,233,MIn_Energy_PDB,Ethernet6/1/8,,,
SECRETARIATE_S8508_switch,234,Min_SCIENCE_and_TECHNOLOGY,Ethernet6/1/18,,,
SECRETARIATE_S8508_switch,235,Ministry_Cabinet_Div,,,,
SECRETARIATE_S8508_switch,236,Judicial-Trg-Inst,Ethernet6/1/19,,,
SECRETARIATE_S8508_switch,237,Min_fish_live,Ethernet6/1/20,,,
SECRETARIATE_S8508_switch,238,Min_Law_Justice_div,Ethernet2/1/3,,,
SECRETARIATE_S8508_switch,239,Ministry_of_Commerce,Ethernet6/1/1,,,
SECRETARIATE_S8508_switch,240,Ministry_of_Forest,Ethernet6/1/2,,,
SECRETARIATE_S8508_switch,241,Min_fin_internet,Ethernet6/1/3,,,
SECRETARIATE_S8508_switch,242,Min_Energy_Minrl_Resource,Ethernet6/1/7,,,
SECRETARIATE_S8508_switch,243,Press_information_dept,Ethernet2/1/7,,,
SECRETARIATE_S8508_switch,244,Min_Environment_Projrct,Ethernet3/1/6,,,
SECRETARIATE_S8508_switch,245,Min_CTG-Hill_Tracts,Ethernet3/1/19,,,
SECRETARIATE_S8508_switch,246,Min_Posts_Telecom_MoPT,GigabitEthernet0/1/4,,,
SECRETARIATE_S8508_switch,411,Judicial_Service,Ethernet3/1/20,,,
SECRETARIATE_S8508_switch,412,VLAN 0412,,,,
SECRETARIATE_S8508_switch,560,Home_ministry,Ethernet3/1/12,,,
SECRETARIATE_S8508_switch,565,VLAN 0565,,,,
SECRETARIATE_S8508_switch,1052,Health_Ministry,Ethernet3/1/3,,,
SECRETARIATE_S8508_switch,1053,Min_Public_Admin_MoPA,Ethernet3/1/10,,,
SECRETARIATE_S8508_switch,1054,Min_of_food,Ethernet3/1/7,,,
SECRETARIATE_S8508_switch,1055,Min-of-Disaster-and-Relef,Ethernet3/1/9,,,
SECRETARIATE_S8508_switch,1056,Min_Posts_Telecom_MoPT,Ethernet3/1/18,,,
SECRETARIATE_S8508_switch,1057,Ministry_Agri,Ethernet3/1/8,,,
SECRETARIATE_S8508_switch,1058,Min_Primary_Mass_Edu_MoPME,Ethernet3/1/11,,,
SECRETARIATE_S8508_switch,1059,Roads_Highway_RHD_Min_RT&B,"Ethernet2/1/10 , Ethernet3/1/1",,,
SECRETARIATE_S8508_switch,1060,Land_min,Ethernet2/1/2,,,
SECRETARIATE_S8508_switch,1062,Minstry_of_Cultural_Affair,Ethernet3/1/13,,,
SECRETARIATE_S8508_switch,1063,Rail_Bhaban,Ethernet3/1/15,,,
SECRETARIATE_S8508_switch,1064,Min_Biman,Ethernet3/1/16,,,
SECRETARIATE_S8508_switch,1065,DS-Admin-1-LocalGovt-Div,Ethernet6/1/12,,,
SECRETARIATE_S8508_switch,1066,Min-jute-Textile,Ethernet6/1/13,,,
SECRETARIATE_S8508_switch,1067,RuralDevCo-op_ICT-Proj,Ethernet2/1/4,,,
SECRETARIATE_S8508_switch,1068,MinOf-Social-welfare,Ethernet6/1/14,,,
SECRETARIATE_S8508_switch,1069,Min-of-Religious-Affairs,Ethernet6/1/16,,,
SECRETARIATE_S8508_switch,1070,Min-of-Education,,,,
SECRETARIATE_S8508_switch,1071,Ministry_Shipping,Ethernet2/1/5,,,
SECRETARIATE_S8508_switch,1072,Min_Housing_PW,Ethernet6/1/17,,,
SECRETARIATE_S8508_switch,1578,BCC_BR_VPN,,,,
SECRETARIATE_S8508_switch,2603,Passport_MRP_VPN,Ethernet2/1/8,,,
SECRETARIATE_S8508_switch,2726,BTCL_VC,Ethernet3/1/5,,,
SECRETARIATE_S8508_switch,3000,VLAN 3000,,,,
SECRETARIATE_S8508_switch,3111,Min_fin_vpn,Ethernet6/1/4,,,
SECRETARIATE_S8508_switch,3112,Min_fin_DC_BR,Ethernet6/1/5,,,
SECRETARIATE_S8508_switch,3200,ADN_Min_Comm,Ethernet3/1/17,,,
SECRETARIATE_S8508_switch,3600,DG-Health-VC-vpn,"Ethernet6/1/9 ,Ethernet6/1/10",,,
SECRETARIATE_S8508_switch,4002,VLAN 4002,,,,
CX_Segunbagicha,72,for-Shegun-CX-300,,,,
CX_Segunbagicha,202,sebatel_net_ltd,,,,
CX_Segunbagicha,207,Faith online,Ethernet2/0/4,,,
CX_Segunbagicha,208,Karmochari_Kalyan_Board,Ethernet2/0/5,,,
CX_Segunbagicha,210,LGRD-Min.-Residence,Ethernet2/0/9,,,
CX_Segunbagicha,211,Fisheries_Dept,Ethernet2/0/10,,,
CX_Segunbagicha,212,Int'l-Mother-Language_Inst,Ethernet2/0/12,,,
CX_Segunbagicha,213,PD-Deepening-MTBF-PROJECT-MoF,GigabitEthernet1/0/1,,,
CX_Segunbagicha,214,HGS-IEB-HQ,Ethernet2/0/11,,,
CX_Segunbagicha,215,Army_Board,Ethernet2/0/1,,,
CX_Segunbagicha,216,DG_MASS_COMMUNICATION,Ethernet2/0/6,,,
CX_Segunbagicha,217,GEOLOGICAL SURVEY,Ethernet2/0/13,,,
CX_Segunbagicha,218,Engr_satff_College,Ethernet2/0/3,,,
CX_Segunbagicha,219,Min_Fin_GaziBhaban,Ethernet4/0/4,,,
CX_Segunbagicha,220,SebaTel,Ethernet2/0/2,,,
CX_Segunbagicha,221,TAX_Commissioner_Segunbagicha,Ethernet4/0/8,,,
CX_Segunbagicha,222,Anti_corruption,Ethernet4/0/9,,,
CX_Segunbagicha,223,TAX_Commissioner_2,Ethernet4/0/10,,,
CX_Segunbagicha,224,TAX_Commissioner_8,Ethernet4/0/13,,,
CX_Segunbagicha,225,Urban-Dev-Direc,Ethernet4/0/14,,,
CX_Segunbagicha,226,CRC_Textile_Ltd_MD_15M,Ethernet4/0/16,,,
CX_Segunbagicha,227,SPFMSP_project,Ethernet2/0/15,,,
CX_Segunbagicha,228,Civil_Audit_Dir_AditCmplx,Ethernet2/0/16,,,
CX_Segunbagicha,241,Min_fin_Backup,Ethernet4/0/1,,,
CX_Segunbagicha,307,PWD med coll xen,Ethernet2/0/7,,,
CX_Segunbagicha,935,NBR_2ndlink_test130417,,,,
CX_Segunbagicha,2603,Passport_MRP_VPN,Ethernet4/0/15,,,
CX_Segunbagicha,2634,NBR_MPLS,,,,
CX_Segunbagicha,3102,NSI_VPN,Ethernet2/0/14,,,
CX_Segunbagicha,3111,Min_Finance_VPN,"Ethernet4/0/2 , Ethernet4/0/5",,,
CX_Segunbagicha,3112,Min_fin_DC_BR,Ethernet4/0/7,,,
Petro_switch,608,DS_Blue_economy_cell_kawran_bzr,Ethernet6/0/8,,,
Petro_switch,609,software_tech_park_janata_tower_kawran_bzr,Ethernet6/0/9,,,
Petro_switch,610,DD_BRDB,Ethernet6/0/10,,,
Petro_switch,750,Small_farmer_kawran,"Ethernet4/0/15 , 1/0/2",,,
Petro_switch,751,Janata_traders,Ethernet4/0/2,,,
Petro_switch,752,Net_link,Ethernet6/0/3,,,
Petro_switch,753,Energy_regulatory_com,Ethernet6/0/5,,,
Petro_switch,754,Jamuna_Oil,Ethernet4/0/14,,,
Petro_switch,869,Dep_textile,Ethernet4/0/13,,,
Petro_switch,870,BPC,Ethernet4/0/12,,,
Petro_switch,871,Registrar of the Joint Stock Companies and Firms,"Ethernet4/0/1 , Ethernet6/0/4",,,
Petro_switch,872,Titas,Ethernet4/0/3,,,
Petro_switch,873,Directorate_family_planning,Ethernet4/0/4,,,
Petro_switch,874,ICT_Incubator,Ethernet4/0/5,,,
Petro_switch,875,WASA,Ethernet4/0/6,,,
Petro_switch,876,BSEC,Ethernet4/0/7,,,
Petro_switch,877,ATN_Bangala,Ethernet6/0/2,,,
Petro_switch,878,NIET_Kawranbazar,Ethernet4/0/9,,,
Petro_switch,879,Exclu_Economic_Zone_Authirighty,Ethernet4/0/10,,,
Petro_switch,886,Quest-Int-Pet,Ethernet4/0/11,,,
Petro_switch,2730,BTCL_Bank_VPN,Ethernet6/0/7,,,
Petro_switch,3600,DG-Health-VC-vpn,Ethernet6/0/6,,,
BTCL_Food_PoP,1,VLAN 0001,,,,
BTCL_Food_PoP,10,VLAN 0010,,,,
BTCL_Food_PoP,40,GigabitEthernet1/7/4,,,,
BTCL_Food_PoP,60,VLAN 0060,,,,
BTCL_Food_PoP,70,VLAN 0070,,,,
BTCL_Food_PoP,145,Birth and death registraion,Ethernet1/4/5,,,
BTCL_Food_PoP,146,railway,Ethernet1/4/6,,,
BTCL_Food_PoP,201,VLAN 0201,,,,
BTCL_Food_PoP,202,VLAN 0202,,,,
BTCL_Food_PoP,203,VLAN 0203,,,,
BTCL_Food_PoP,945,PWD_EXEN_City,Ethernet1/1/8,,,
BTCL_Food_PoP,946,PWD_Dhaka_div-1,Ethernet1/4/1,,,
BTCL_Food_PoP,947,Chief_Prostr_Intl_Crim_Terbnl,Ethernet1/4/2,,,
BTCL_Food_PoP,976,BPDB,GigabitEthernet1/7/7Transport_Authrity_pool,,,
BTCL_Food_PoP,991,Transport_Authrity_pool,Ethernet1/4/3,,,
BTCL_Food_PoP,992,Min_Law_Justic_Prlmnt_Food,Ethernet1/4/4,,,
BTCL_Food_PoP,1051,DG_Food,Ethernet1/1/3,,,
BTCL_Food_PoP,1580,BCC_Food,GigabitEthernet1/7/6,,,
BTCL_Food_PoP,3111,Min_Finance_VPN,"Ethernet1/1/1 , Ethernet1/1/2",,,
BTCL_Food_PoP,4002,VLAN 4002,,,,
AIRPORT-CX300,201,InFos-Dmetro-data,,,,
AIRPORT-CX300,202,InFos-Dmetro-VC,,,,
AIRPORT-CX300,203,InFos-Dmetro-nms,,,,
AIRPORT-CX300,210,GPO AIRPORT,,,,
AIRPORT-CX300,431,RAB,,,,
AIRPORT-CX300,432,Dhaka_Custom_Airport,Ethernet2/0/3,,,
AIRPORT-CX300,433,GPO_airport,Ethernet2/0/10,,,
AIRPORT-CX300,690,RAB-INT,Ethernet2/0/1,,,
AIRPORT-CX300,1614,BCC_CAAB_VPN,,,,
AIRPORT-CX300,2603,Passport_MRP_VPN,Ethernet2/0/11,,,
AIRPORT-CX300,2634,NBR_MPLS_nation,Ethernet2/0/4,,,
AIRPORT-CX300,2967,Bracnet-VPN,Ethernet2/0/7,,,
AIRPORT-CX300,3102,NSI_VPN,Ethernet2/0/5,,,
,1,VLAN 0001,,,,
,5,VLAN 0005,GigabitEthernet1/1/1,,,
,10,VLAN 0010,,,,
,11,VLAN 0011,,,,
,19,Link_to_Supreme_Court,,,,
,25,police_camera_mngt,,,,
,40,VLAN 0040,,,,
,41,VLAN 0041,,,,
,98,VLAN 0098,,,,
,101,CABINET_CabDiv_M3400,,,,
,102,Dhaka_DC_M3400_management,,,,
,103,Dhaka_Divissonal_off_M3400,,,,
,104,Shariatpur_VC_ME3400,,,,
,105,VLAN 0105,,,,
,112,Jail_Central_Keranigonj,,Ramna-DBR-NE40E-051,180.211.158.181,
,113,WASA_Zone-6_Dhaka_Fakirapul,,Ramna-DBR-NE40E-051,180.211.135.53,
,116,VLAN 0116,,,,
,120,VLAN 0120,,,,
,123,VLAN 0123,,,,
,128,VLAN 0128,,,,
,137,Rafin Satellite,,,,
,145,Birth_and_death_registraion,,Ramna-DBR-NE40E-051,180.211.135.69,
,146,railway,,Ramna-DBR-NE40E-051,180.211.135.161,
,154,Internal_Resources_Div,,Ramna-DBR-NE40E-051,180.211.135.49,
,155,SICT,,,,
,159,Teletalk_off_LAN,GigabitEthernet1/2/3,,,
,174,Pritty,,,,
,185,MOFA,GigabitEthernet2/1/16,,,
,199,VLAN 0199,,,,
,200,VLAN 0200,,,,
,201,InfoS_keranigonj_vc,,,,
,202,InfoS_keranigonj_data,,,,
,203,InfoS_keranigonj_nms,,,,
,204,sarkari_karmochari_hospital,,Ramna-DBR-NE40E-051,180.211.135.77,
,205,PWD,Ethernet3/1/20,,,
,207,Infos_Police,,,,
,211,PWD,,Ramna-DBR-NE40E-051,180.211.135.81,
,212,SP_Shariatpur,,,,
,213,DS_Ministry_of_home_affairs,,Ramna-DBR-NE40E-051,180.211.135.145,
,219,min_of_labor_and_employment,,Ramna-DBR-NE40E-051,180.211.135.85,
,230,Edu_Min,,,,
,231,min_LGRD,,,,
,232,Ministry_of_LAW,,,,
,233,Min_Energy_PBP,,,,
,234,Ministry_SCIENCE_and_TECH,,,,
,236,Judicial_training,,,,
,237,Min_Live_Fish,,,,
,238,Min_Law_Justice_div,,,,
,239,Ministry_of_Commerce,,,,
,240,Ministry_of_Forest,,,,
,241,min_fin_Internet,,,,
,242,Min_Energy_resource,,,,
,243,Press_infor_dept,,,,
,244,min_environ_project,,,,
,245,Min_Hill_Tracts,,Ramna-DBR-NE40E-051,180.211.135.17,
,246,Min_Posts_Telecom_MoPT,,,,
,301,VLAN 0301,,,,
,302,VLAN 0302,,,,
,303,VLAN 0303,,,,
,304,VLAN 0304,,,,
,305,VLAN 0305,,,,
,306,VLAN 0306,,,,
,307,VLAN 0307,,,,
,308,VLAN 0308,,,,
,309,VLAN 0309,,,,
,310,,,,,
,311,,,,,
,312,,,,,
,313,,,,,
,314,,,,,
,315,,,,,
,316,,,,,
,317,,,,,
,318,,,,,
,319,,,,,
,320,,,,,
,321,,,,,
,322,,,,,
,323,,,,,
,324,,,,,
,325,,,,,
,326,,,,,
,327,,,,,
,328,,,,,
,329,,,,,
,330,,,,,
,331,,,,,
,332,,,,,
,333,,,,,
,334,,,,,
,335,,,,,
,336,,,,,
,337,,,,,
,338,,,,,
,339,,,,,
,340,,,,,
,341,,,,,
,342,,,,,
,343,,,,,
,344,,,,,
,345,,,,,
,346,,,,,
,347,,,,,
,348,,,,,
,349,,,,,
,350,,,,,
,351,,,,,
,352,,,,,
,353,,,,,
,354,,,,,
,355,,,,,
,356,,,,,
,357,,,,,
,358,,,,,
,359,,,,,
,360,,,,,
,361,,,,,
,362,,,,,
,363,,,,,
,364,,,,,
,365,,,,,
,366,,,,,
,367,,,,,
,368,,,,,
,369,,,,,
,370,,,,,
,371,,,,,
,372,,,,,
,373,,,,,
,374,,,,,
,375,,,,,
,376,,,,,
,377,,,,,
,378,,,,,
,379,,,,,
,380,,,,,
,381,,,,,
,382,,,,,
,383,,,,,
,384,,,,,
,385,,,,,
,386,,,,,
,387,,,,,
,388,,,,,
,389,,,,,
,390,,,,,
,391,,,,,
,392,,,,,
,393,,,,,
,394,,,,,
,395,,,,,
,396,,,,,
,397,,,,,
,398,,,,,
,399,,,,,
,400,,,,,
,400,,,,,
,401,,,,,
,402,,,,,
,404,,,,,
,411,Judicial_Service,,Ramna-DBR-NE40E-051,180.211.135.25,
,412,VLAN 0412,,,,
,420,BPATC,,,,
,451,Dhaka_Div_Comm,GigabitEthernet2/1/12,,,
,526,VLAN 0526,,,,
,541,info_kerani_data,,,,
,560,Home minisrty,,Ramna-DBR-NE40E-051,180.211.134.113,
,561,info_kerani_VC,,,,
,581,info_kerani_mgnt,,,,
,821,VLAN 0821,,,,
,913,DohaTec,Ethernet3/1/13,Ramna-DBR-NE40E-051,180.211.134.233,
,925,TELETALK-GPRS-Link,"GigabitEthernet1/2/1 , 1/2/2",,,
,926,GPO,GigabitEthernet2/1/14,,,
,927,BICM_Segunbagicha,Ethernet6/1/10,,,
,928,Urban_health_city_south,Ethernet3/1/16,,,
,929,Juba_Unnayan_Motijeel,Ethernet6/1/16,,,
,945,PWD_EXEN_CITY,,,,
,946,PWD_Dhaka_div-1,,,,
,947,CP_int_trbl,,,,
,955,Police_HQ,,,,
,956,City_Cable,GigabitEthernet2/1/15,,,
,957,Data_Edge,,,,
,958,BangladeshBank,GigabitEthernet2/1/17,,,
,959,BangaBhaban,GigabitEthernet2/1/23,,,
,960,Govt_Transport_Pool,,,,
,961,NCTB,Ethernet3/1/10,,,
,962,LGSP_2_Moti,Ethernet3/1/11,,,
,963,Security_Exchange_Commission,Ethernet6/1/2,,,
,964,BCIC_2nd_link,Ethernet6/1/9,,,
,965,BRTA_nagarBhaban,Ethernet3/1/7,,,
,966,Matrisadan_city_corp,Ethernet6/1/18,,,
,967,Jamuka,GigabitEthernet2/1/21,,,
,970,BANGLADESH SUPREME COURT,,,,
,971,Zilla_Judge_Court,,,,
,972,DC_off_DK,Ethernet3/1/1,Ramna-DBR-NE40E-051,180.211.141.1,
,973,DG_Higher_Education,Ethernet3/1/2,Ramna-DBR-NE40E-051,180.211.162.77,
,974,Jagonnath_Uni,Ethernet3/1/8,,,
,975,Central_Tax_Survey,,,,
,976,PDB,,Ramna-DBR-NE40E-051,180.211.134.81,
,977,Enggr_dept_Edu,,Ramna-DBR-NE40E-051,180.211.134.85,
,978,BCIC,GigabitEthernet2/1/13,Ramna-DBR-NE40E-051,180.211.134.9,
,979,Vision_IT,,Ramna-DBR-NE40E-051,180.211.134.101,
,980,Ministry_LAND_Motijeel,Ethernet3/1/19,,,
,981,Cabinet_Div_Internet,Ethernet6/1/3,,,
,982,Nagar_bhaban,Ethernet6/1/4,,,
,983,GPO_Sadarghat,Ethernet6/1/6,,,
,984,TAX-13_paltan,GigabitEthernet8/1/22,,,
,985,Sadharan_BIMA,GigabitEthernet8/1/23,,,
,986,Sadharan_BIMA_Local,GigabitEthernet8/1/24,,,
,989,MoLWA,Ethernet6/1/12,Ramna-DBR-NE40E-051,180.211.134.237,
,990,EduBhaban-Directorate-of-Insp,Ethernet6/1/13,Ramna-DBR-NE40E-051,180.211.134.241,
,991,Transport_Authrity,,,,
,992,Min_Law_Justic_Prlmnt_Food,,Ramna-DBR-NE40E-051,180.211.135.33,
,999,Ramna_VC_Internet,,,,
,1009,VLAN 1009,,,,
,1010,VLAN 1010,,,,
,1011,VLAN 1011,,,,
,1012,,,,,
,1013,,,,,
,1014,,,,,
,1017,,,,,
,1018,,,,,
,1019,,,,,
,1020,,,,,
,1021,,,,,
,1023,,,,,
,1029,,,,,
,1051,DG Food,Ethernet3/1/5,,,
,1052,Ministry-of-Health,,,,
,1053,Min_Estab,,,,
,1054,Min_of_Food,,Ramna-DBR-NE40E-051,180.211.134.65,
,1055,Ministry_Relief,,Ramna-DBR-NE40E-051,180.211.134.21,
,1056,Min_MOPT,,,,
,1057,Min_Agri,,Ramna-DBR-NE40E-051,180.211.134.29,
,1058,MoPME,,Ramna-DBR-NE40E-051,180.211.134.97,
,1059,MOC_RHD,,Ramna-DBR-NE40E-051,180.211.134.109,
,1060,VLAN 1060,,,,
,1061,Minstry-Youth_Sports,,Ramna-DBR-NE40E-051,180.211.134.189,
,1062,Ministry-Cultural-affairs,,Ramna-DBR-NE40E-051,180.211.134.129,
,1063,Rail_Bhaban,,Ramna-DBR-NE40E-051,180.211.134.141,
,1064,Min_Biman,,Ramna-DBR-NE40E-051,180.211.134.145,
,1065,DS-Admin-1-LocalGovt-Div,,Ramna-DBR-NE40E-051,180.211.134.149,
,1066,AsstSecy-Minstry-Jute,,Ramna-DBR-NE40E-051,180.211.134.153,
,1067,PDDevICTProjRuralDevCop,,Ramna-DBR-NE40E-051,180.211.134.157,
,1068,MinOF-Social-Welfare,,Ramna-DBR-NE40E-051,180.211.134.161,
,1069,MIN_religion,,Ramna-DBR-NE40E-051,180.211.134.169,
,1070,MIN_EDU,,,,
,1071,Ministry_Shipping,,Ramna-DBR-NE40E-051,180.211.134.57,
,1072,min_Housing_PW,,Ramna-DBR-NE40E-051,180.211.134.209,
,1073,MIN_LGRD,,,,
,1074,CHA_PPPoE_H02,,,,
,1085,Teletalk-3G,GigabitEthernet0/1/5,,,
,1086,Akij-Group,GigabitEthernet0/1/6,,,
,1200,VLAN 1200,,,,
,1300,VLAN 1300,,,,
,1301,VLAN 1300,,,,
,1317,VLAN 1317,,,,
,1567,BCC_Lib_war_aff_VPN,GigabitEthernet8/1/3,,,
,1568,BCC_Foreign_aff_VPN,GigabitEthernet0/1/2,,,
,1570,BCC_PWD_VPN,GigabitEthernet2/1/3,,,
,1571,BCC_Supreme_court_VPN,GigabitEthernet8/1/2,,,
,1573,BCC_Post_off_VPN,GigabitEthernet8/1/15,,,
,1574,BCC_Information_Dept,GigabitEthernet8/1/19,,,
,1575,BCC_Dcity_south_VPN,GigabitEthernet0/1/20,,,
,1576,BCC_Police_VPN,GigabitEthernet8/1/11,,,
,1577,BCC_DPDC_VPN,,,,
,1578,BCC_BR_VPN,,,,
,1579,BCC_DRegistration_VPN,GigabitEthernet8/1/1,,,
,1580,BCC_Food_VPN,,,,
,1581,BCC_shishu_VPN,GigabitEthernet8/1/16,,,
,1582,BCC_DGHS_VPN,GigabitEthernet8/1/10,,,
,1583,BCC_HBFcorp_VPN,GigabitEthernet8/1/5,,,
,1584,BCC_BSCIC_VPN,GigabitEthernet0/1/15,,,
,1585,BCC_BIWTA_VPN,GigabitEthernet0/1/14,,,
,1586,BCC_Shipping_VPN,GigabitEthernet0/1/16,,,
,1587,BCC_national_savings_vpn,GigabitEthernet8/1/4,,,
,1588,BCC_Drug_admin_VPN,GigabitEthernet0/1/23,,,
,1589,BCC_Labour_VPN,GigabitEthernet8/1/6,,,
,1590,BCC_CI_factori_VPN,GigabitEthernet8/1/7,,,
,1591,BCC_CC_ImpExp_VPN,GigabitEthernet0/1/13,,,
,1592,BCC_DoJute_VPN,GigabitEthernet0/1/9,,,
,1593,BCC_D_youth_VPN,GigabitEthernet0/1/11,,,
,1594,BCC_Rajuk_VPN,GigabitEthernet8/1/17,,,
,1595,BCC_BADC_VPN,GigabitEthernet8/1/8,,,
,1596,BCC_Sports_VPN,GigabitEthernet8/1/12,,,
,1597,BCC_S_Bima_VPN,GigabitEthernet0/1/17,,,
,1598,BCC_BCIC_VPN,GigabitEthernet0/1/18,,,
,1599,BCC_BJMC_VPN,GigabitEthernet0/1/10,,,
,1600,BCC_President_off_VPN,GigabitEthernet8/1/13,,,
,1601,BCC_NCTB_VPN,GigabitEthernet0/1/19,,,
,1602,BCC_MoIndustry_VPN,GigabitEthernet0/1/24,,,
,1603,BCC_BIWTC_VPN,GigabitEthernet0/1/12,,,
,1604,BCC_Jiban_Bima_VPN,GigabitEthernet8/1/9,,,
,1605,BCC_BBank_VPN,,,,
,1606,BCC_BPDB_VPN,GigabitEthernet0/1/21,,,
,1607,BCC_BWDB_VPN,GigabitEthernet0/1/22,,,
,1608,BCC_Cabinet_div_VPN,GigabitEthernet8/1/18,,,
,1629,BCC_Non_gov_teach_C_Auth_VPN,,,,
,1700,VLAN 1700,,,,
,1800,VLAN 1800,,,,
,1920,Supreme_Court_2nd_LLI,,Ramna-DBR-NE40E-051,180.211.135.129,
,2501,ICC_Ramna,,,,
,2502,ICC_Fotulla,,,,
,2600,BBank_vpn,,,,
,2601,DC_Video_Conference,,,,
,2603,Passport_SBN__MRP,,,,
,2604,DMP_Camera_MPLS,,,,
,2605,DMP_MPLS,"Ethernet3/1/3 , Ethernet3/1/6 , Ethernet3/1/14",,,
,2606,X_link_MPLS,,,,
,2618,BBank_HQ_mir_VPN,,,,
,2624,ctg_stock_Exge_moti_syl,,,,
,2625,ctg_stock_Exge_moti_ctg,,,,
,2629,DMP_walkitalkie,,,,
,2634,VLAN 2634,,,,
,2635,Police_CC_Camera,,,,
,2706,ramna_WAN_internet,GigabitEthernet1/1/2,,,
,2726,BTCL_VC,,,,
,2728,BTCL_REvenue_VPN,Ethernet6/1/5,,,
,2729,BTCL_Call_Centre_VPN,"Ethernet3/1/4 , Ethernet6/1/7 , Ethernet6/1/8",,,
,2730,BTCL_BasicBank_VPN,"Ethernet6/1/1 , Ethernet6/1/11",,,
,3009,Supre_court_keraniganj_Jail,,,,
,3010,Judge_court,,Ramna-DBR-NE40E-051,180.211.135.125,
,3100,SASEC_VPN,,,,
,3111,Min_Finance_VPN,"GigabitEthernet1/3/3 ,Ethernet6/1/19",,,
,3112,Min_fin_DC_BR,,,,
,3138,DHK_DIV_dist_VPN,,,,
,3144,BCC_Dhk_dist_VPN,,,,
,3146,BCC_Shariatpur,,,,
,3200,ADN-Com-Min,,,,
,3333,VLAN 3333,,,,
,3500,VLAN 3500,,,,
,3600,DG-Health-VC-vpn,,,,
,3603,SB_DSB_Passport_MRP_VPN,,,,
,3992,VLAN 3992,,,,
,3993,VLAN 3993,,,,
,3999,VLAN 3999,,,,
,4000,VLAN 4000,,,,
,4001,VLAN 4001,,,,
,4002,For_Swith_management_VlaN,,,,
,4010,Info-Bahan_Switch_Mgmt,,,,
Ramna_TNDP_S9312,5,for PAT Test,,,,
Ramna_TNDP_S9312,10,Mangmnt_Ramna_Central-40E,,,,
Ramna_TNDP_S9312,112,Jail_Central_Keranigonj,GE1/0/12(U),,,
Ramna_TNDP_S9312,113,WASA_Zone-6_Dhaka_Fakirapul,GE2/0/2,,,
Ramna_TNDP_S9312,204,Sarkari karmachari hospital,GE2/0/4,,,
Ramna_TNDP_S9312,205,Police_HQ_Test,GE2/0/5,Ramna-DBR-NE40E-051,180.211.158.185,
Ramna_TNDP_S9312,206,Public_div_Bangabhaban,GE2/0/6,Ramna-DBR-NE40E-051,180.211.135.149,
Ramna_TNDP_S9312,207,Sheikh_Burhan_Uddin_College,GE2/0/7,Ramna-DBR-NE40E-051,180.211.135.153,
Ramna_TNDP_S9312,208,Madrasah e alia,GE2/0/8,Ramna-DBR-NE40E-051,180.211.135.157,
Ramna_TNDP_S9312,308,Suprm_court_keraniganj_Jail,GE3/0/9,Ramna-DBR-NE40E-051,180.211.135.121,
Ramna_TNDP_S9312,955,Police_HQ,GE3/0/11,,,
Ramna_TNDP_S9312,959,Bangabahan,GE2/0/0,,,
Ramna_TNDP_S9312,975,Central_Tax_Survey,GE2/0/1,,,
Ramna_TNDP_S9312,1085,Teletalk 3G,XGE4/0/5,,,
Ramna_TNDP_S9312,4002,MGNT,,,,
Ramna_TNDP_S9312,4088,BTCL_Dashboard,GE1/0/14,,,
SegunBaghicha_VPN_SW,10,Switch Management Vlan,,,,
SegunBaghicha_VPN_SW,11,Test,,,,
SegunBaghicha_VPN_SW,72,for-Shegun-CX-300,,,,
SegunBaghicha_VPN_SW,202,sebatel_net_ltd,,,,
SegunBaghicha_VPN_SW,207,Faith online,GE1/0/17,,,
SegunBaghicha_VPN_SW,208,Karmochari_Kalyan_Board,,,,
SegunBaghicha_VPN_SW,209,NBR130417,GE1/0/20,,,
SegunBaghicha_VPN_SW,210,LGRD-Min.-Residence,GE1/0/16,,,
SegunBaghicha_VPN_SW,211,Fisheries_Dept,,,,
SegunBaghicha_VPN_SW,212,Int'l-Mother-Language_Inst,,,,
SegunBaghicha_VPN_SW,213,PD-Deepening-MTBF-PROJECT-MoF,GE1/0/22,,,
SegunBaghicha_VPN_SW,214,HGS-IEB-HQ,,,,
SegunBaghicha_VPN_SW,215,Army_Board,,,,
SegunBaghicha_VPN_SW,216,DG_MASS_COMMUNICATION,,,,
SegunBaghicha_VPN_SW,217,GEOLOGICAL SURVEY,,,,
SegunBaghicha_VPN_SW,218,Engr_satff_College,,,,
SegunBaghicha_VPN_SW,219,Min_Fin_GaziBhaban,,,,
SegunBaghicha_VPN_SW,220,SebaTel,,,,
SegunBaghicha_VPN_SW,221,TAX_Commissioner_Segunbagicha,,,,
SegunBaghicha_VPN_SW,222,Anti_corruption,,,,
SegunBaghicha_VPN_SW,223,TAX_Commissioner_2,,,,
SegunBaghicha_VPN_SW,224,TAX_Commissioner_8,,,,
SegunBaghicha_VPN_SW,225,Urban-Dev-Direc,,,,
SegunBaghicha_VPN_SW,226,CRC_Textile_Ltd_MD_15M,,,,
SegunBaghicha_VPN_SW,227,SPFMSP_project,,,,
SegunBaghicha_VPN_SW,228,Civil_Audit_Dir_AditCmplx,,,,
SegunBaghicha_VPN_SW,241,Min_fin_Backup,,,,
SegunBaghicha_VPN_SW,307,PWD med coll xen,,,,
SegunBaghicha_VPN_SW,900,Test,,,,
SegunBaghicha_VPN_SW,935,NBR_2nd_test13417,,,,
SegunBaghicha_VPN_SW,954,Test for NBR,,,,
SegunBaghicha_VPN_SW,1554,BCC_BTRC_VPN,GE1/0/2,,,
SegunBaghicha_VPN_SW,1556,BCC_Anti_corup_VPN,GE1/0/3,,,
SegunBaghicha_VPN_SW,1557,BCC_NGO_aff_VPN,GE1/0/4,,,
SegunBaghicha_VPN_SW,1558,BCC_Fisheries_VPN,GE1/0/5,,,
SegunBaghicha_VPN_SW,1559,BCC_Fish_Live_VPN,GE1/0/6,,,
SegunBaghicha_VPN_SW,1560,BCC_Land_Appeal_VPN,GE1/0/7,,,
SegunBaghicha_VPN_SW,1561,BCC_DPHE_VPN,GE1/0/8,,,
SegunBaghicha_VPN_SW,1562,BCC_NBR_VPN,GE1/0/9,,,
SegunBaghicha_VPN_SW,1563,BCC_AGB_VPN,GE1/0/0,,,
SegunBaghicha_VPN_SW,1564,BCC_CGA_VPN,GE1/0/10,,,
SegunBaghicha_VPN_SW,1565,BCC_Mass_com_VPN,GE1/0/12,,,
SegunBaghicha_VPN_SW,1569,BCC_Arch_VPN,GE1/0/11,,,
SegunBaghicha_VPN_SW,1572,BCC_National_HAuth_VPN,GE1/0/13,,,
SegunBaghicha_VPN_SW,2603,Passport_MRP_VPN,,,,
SegunBaghicha_VPN_SW,2634,NBR_MPLS,GE1/0/21,,,
SegunBaghicha_VPN_SW,3102,NSI_VPN,,,,
SegunBaghicha_VPN_SW,3111,Min_Finance_VPN,"GE1/0/14 , GE1/0/15",,,
SegunBaghicha_VPN_SW,3112,Min_fin_DC_BR,GE1/0/23,,,
SegunBaghicha_VPN_SW,3510,Apple Communication Dhaka to,GE1/0/19,,,
SegunBaghicha_VPN_SW,4002,For_Swith_management_Vlan,,,,
AIRPORT-CX300,201,InFos-Dmetro-data,,,,
AIRPORT-CX300,202,InFos-Dmetro-VC,,,,
AIRPORT-CX300,203,InFos-Dmetro-nms,,,,
AIRPORT-CX300,210,GPO AIRPORT,,,,
AIRPORT-CX300,431,RAB,,,,
AIRPORT-CX300,432,Dhaka_Custom_Airport,Ethernet2/0/3,,,
AIRPORT-CX300,433,GPO_airport,Ethernet2/0/10,,,
AIRPORT-CX300,690,RAB-INT,Ethernet2/0/1,,,
AIRPORT-CX300,1614,BCC_CAAB_VPN,,,,
AIRPORT-CX300,2603,Passport_MRP_VPN,Ethernet2/0/11,,,
AIRPORT-CX300,2634,NBR_MPLS_nation,Ethernet2/0/4,,,
AIRPORT-CX300,2967,Bracnet-VPN,Ethernet2/0/7,,,
AIRPORT-CX300,3102,NSI_VPN,Ethernet2/0/5,,,
Badda_CX300,3998,,,,,
Badda_CX300,3999,,,,,
Badda_CX300,4002,Management vlan,,,,
Cx_Banasri_A,10,Router_Link_mgnt,,,,
Cx_Banasri_A,201,InFos-Dmetro-data,,,,
Cx_Banasri_A,202,InFos-Dmetro-vc,,,,
Cx_Banasri_A,203,InFos-Dmetro-nms,,,,
Cx_Banasri_A,299,U2000-NMS,,,,
Cx_Banasri_A,2613,Image_IT,Ethernet2/0/3,,,
Cx_Banasri_A,2621,Prodeshta_mpls_Mohakh,,,,
BTCL_BBank_PoP_CX,10,MGNT,,,,
BTCL_BBank_PoP_CX,958,BBank_Internet,GigabitEthernet3/0/2,,,
BTCL_BBank_PoP_CX,1605,BCC_BBank_VPN,GigabitEthernet1/0/2,,,
BTCL_BBank_PoP_CX,2600,BBank_vpn,Ethernet2/0/2,,,
BTCL_BBank_PoP_CX,2618,BBank_HQ_mir_VPN,,,,
BTCL_BBank_PoP_CX,3111,min_fin_vpn,Ethernet2/0/1,,,
BTCL_BBank_PoP_CX,4002,Mgnt_vlan,,,,
BTTB-CHA-S65-Ho1,1,,"GigabitEthernet0/0/3 ,GigabitEthernet0/0/4",,,
BTTB-CHA-S65-Ho1,8,VLAN 0008,GigabitEthernet2/0/4,,,
BTTB-CHA-S65-Ho1,99,Police_CC_Camera_MGNT,,,,
BTTB-CHA-S65-Ho1,102,City_LalBag_Kella_WiFi,GigabitEthernet0/0/2,,,
BTTB-CHA-S65-Ho1,114,MS_beauty_masala,GigabitEthernet0/0/1,,,
BTTB-CHA-S65-Ho1,137,Rafin Satellite,,,,
BTTB-CHA-S65-Ho1,215,Shishu_Hospital_north_city,GigabitEthernet2/0/15,,,
BTTB-CHA-S65-Ho1,299,U2000-NMS,,,,
BTTB-CHA-S65-Ho1,1000,,,,,
BTTB-CHA-S65-Ho1,1073,CHA_PPPoE_H01,,,,
BTTB-CHA-S65-Ho1,1074,CHA_PPPoE_H02,,,,
BTTB-CHA-S65-Ho1,2000,,,,,
BTTB-CHA-S65-Ho1,2101,,,,,
BTTB-CHA-S65-Ho1,2604,Police_Camera,,,,
BTTB-CHA-S65-Ho1,2605,DMP_MPLS,,,,
BTTB-CHA-S65-Ho1,2641,,,,,
BTTB-CHA-S65-Ho1,2642,Police_CC_Camera_MPLS,,,,
BTTB-CHA-S65-Ho1,2713,chawkbazar_WAN_internet,GigabitEthernet2/0/1,,,
BTTB-CHA-S65-Ho1,2728,BTCL_Revenue_VPN,GigabitEthernet2/0/7,,,
BTTB-CHA-S65-Ho1,2729,BTCL_call_centre_VPN,GigabitEthernet2/0/2,,,
BTTB-CHA-S65-Ho1,4000,,,,,
BTTB-CHA-S65-Ho1,4002,,,,,
BTTB-CHA-S65-Ho1,4010,Mgmt_from_Info-Bahan,,,,
CX-Dhanmondi,123,BDCOM Internet,Ethernet2/0/2,,,
CX-Dhanmondi,708,Nazrul_institute,,,,
CX-Dhanmondi,730,Nazrul_institute,Ethernet2/0/6,,,
CX-Dhanmondi,731,Space_marketing_dhamondi,Ethernet2/0/7,,,
CX-Dhanmondi,904,PM-Edu-Trust,Ethernet2/0/4,,,
CX-Dhanmondi,1629,BCC_NGTRCA_VPN,GigabitEthernet1/0/2,,,
Cantonment_S9303,8,O&M_AGW,,,,
Cantonment_S9303,10,Management Vlan,,,,
Cantonment_S9303,11,Test,,,,
Cantonment_S9303,100,JICA AGW Voice,,,,
Cantonment_S9303,111,ARMY-YOUTUBE-TEST,,,,
Cantonment_S9303,166,Army-HQ-171k-project,,,,
Cantonment_S9303,167,Sahid_Moinul_Road-171k-project,,,,
Cantonment_S9303,168,Rajanigandha_Cantt-171k-project,,,,
Cantonment_S9303,181,Air_HQ_1_171k-project,,,,
Cantonment_S9303,182,Air_HQ_2_171k-project,,,,
Cantonment_S9303,200,for JICA AGW OAM,,,,
Cantonment_S9303,212,test,,,,
Cantonment_S9303,299,U2000-NMS,,,,
Cantonment_S9303,301,Signaling_AGW,,,,
Cantonment_S9303,302,Media_AGW,,,,
Cantonment_S9303,314,DGFI_Int,,,,
Cantonment_S9303,315,CAS_Sec_ARMY_HQ,GE2/0/15,,,
Cantonment_S9303,401,ARTDOC,"GE2/0/2 , GE2/0/3",,,
Cantonment_S9303,402,DGFI_Internet,GE2/0/14,,,
Cantonment_S9303,403,AHQ-TEST,,,,
Cantonment_S9303,404,Adamjee Cantt. Public School,GE2/0/6,,,
Cantonment_S9303,405,Army_HQ_Ardoc_123.50.94,GE2/0/9,,,
Cantonment_S9303,500,DGFI,,,,
Cantonment_S9303,1061,CAN_PPPoE_H01,,,,
Cantonment_S9303,1062,CAN_PPPoE_H02,,,,
Cantonment_S9303,1471,Navy_HQ,,,,
Cantonment_S9303,1500,BCC_BPSC,,,,
Cantonment_S9303,1501,BCC_Bureau of Statistics,,,,
Cantonment_S9303,1502,BCC_BCC,,,,
Cantonment_S9303,1503,BCC_Statistic Division,,,,
Cantonment_S9303,1504,BCC_UGC,,,,
Cantonment_S9303,1505,BBC_BANSDOC,,,,
Cantonment_S9303,1506,BCC_Controller_Certifying_Authority,,,,
Cantonment_S9303,1507,BCC_Hi-Tech Park Authority,,,,
Cantonment_S9303,1508,BCC_Informetion Commission,,,,
Cantonment_S9303,1509,BCC_Bangladesh Betar,,,,
Cantonment_S9303,1510,BCC_Dept_Environment_(DOE),,,,
Cantonment_S9303,1511,BCC_IFB,,,,
Cantonment_S9303,1512,BCC_National Archives,,,,
Cantonment_S9303,1513,BCC_Atomic Energy,,,,
Cantonment_S9303,1514,BCC_National_Museum S&T,,,,
Cantonment_S9303,1515,BCC_Directorate_Tech_Edu,,,,
Cantonment_S9303,1516,BCC_Tech_Edu_Board,,,,
Cantonment_S9303,1517,BCC_LGRD,,,,
Cantonment_S9303,1518,BCC_Forest_DEPT,,,,
Cantonment_S9303,1519,BCC_Dept_Immi_Passport,,,,
Cantonment_S9303,1520,BCC_Dept_Social_Service,,,,
Cantonment_S9303,1610,BCC_Defence_VPN,,,,
Cantonment_S9303,1611,BCC_Armed_Forces_Div_VPN,,,,
Cantonment_S9303,1612,BCC_Dept_Co-operative,,,,
Cantonment_S9303,2603,Passport_MRP_VPN,GE2/0/22,,,
Cantonment_S9303,2629,CSD_Army_ctg_mpls,GE2/0/16,,,
Cantonment_S9303,2729,BTCL_Call_Center,GE3/0/1,,,
Cantonment_S9303,4000,Management-Channel,,,,
Dakhin,2020,description For SNMP,,,,
Dakhin,2605,DMP_MPLS_dokkhin_thana,Ethernet2/0/2,,,
Dakhin,4002,Management-Channel,GigabitEthernet3/0/1,,,
CX_GOLNA,602,CityNET,Ethernet2/0/2,,,
CX_GOLNA,605,test,,,,
CX_GOLNA,2603,Passport_MRP_VPN,"Ethernet2/0/3 , Ethernet2/0/12",,,
CX_GOLNA,2616,mirae_golna_MPLS,"Ethernet2/0/1 , Ethernet2/0/6",,,
BTTB-NIKU-CX-300,680,DESCO,Ethernet2/0/1,,,
BTTB-NIKU-CX-300,1300,ONU,,,,
BTTB-NIKU-CX-300,1627,BCC_REB_VPN,GigabitEthernet1/0/2,,,
BTTB-NIKU-CX-300,2605,Khilkhet_thana_DMP_MPLS,Ethernet2/0/3,,,
BTTB-NIKU-CX-300,3999,ONU,,,,
BTTB-NIKU-CX-300,201,InfoS_police*,,,,
BTTB-NIKU-CX-300,202,InfoS_police*,,,,
BTTB-NIKU-CX-300,203,InfoS_police*,,,,
BTTB-NIKU-CX-300,210,InfoS_police*,,,,
CX-LALMATIA,123,BDCOM Online Ltd,,,,
CX-LALMATIA,163,INSOFT,,,,
CX-LALMATIA,208,telnet-test,,,,
CX-LALMATIA,210,Wasa_Dhaka_lalmatia,Ethernet2/0/10,,,
CX-LALMATIA,862,Drik ICT Ltd,Ethernet2/0/3,,,
CX-LALMATIA,2600,BDCOM_MPLS_Ngonj,Ethernet2/0/1,,,
Zigatola_S6506,1,,,,,
Zigatola_S6506,11,,,,,
Zigatola_S6506,20,,,,,
Zigatola_S6506,100,Cab_VC_SW_Mngt,,,,
Zigatola_S6506,107,Leather_Technology,,,,
Zigatola_S6506,110,,,,,
Zigatola_S6506,111,Dhaka University,,,,
Zigatola_S6506,117,BUET,,,,
Zigatola_S6506,178,BSMMU,,,,
Zigatola_S6506,200,,,,,
Zigatola_S6506,201,InFos-Dmetro-data,,,,
Zigatola_S6506,202,InFos-Dmetro-VC,,,,
Zigatola_S6506,203,InFos-Dmetro-nms,,,,
Zigatola_S6506,206,BCS-AMDIN-ACADEMY,,,,
Zigatola_S6506,208,Ayub_brothers_tannery_hazaribag,,,,
Zigatola_S6506,210,,,,,
Zigatola_S6506,212,Public_library,,,,
Zigatola_S6506,305,Faculty-BusiStudy-UnivDhaka,,,,
